DayDate	year	month	quarter_term	half_year_term	first_day_of_month	last_day_of_month	day_of_week_short	day_of_week_long	month_name_short	month_name_long	seq_num
2019-01-01	2019	1	1Q	1H	2019-01-01	2019-01-31	Tue	Tuesday	Jan	January	1
2019-01-02	2019	1	1Q	1H	2019-01-01	2019-01-31	Wed	Wednesday	Jan	January	2
2019-01-03	2019	1	1Q	1H	2019-01-01	2019-01-31	Thu	Thursday	Jan	January	3
2019-01-04	2019	1	1Q	1H	2019-01-01	2019-01-31	Fri	Friday	Jan	January	4
2019-01-05	2019	1	1Q	1H	2019-01-01	2019-01-31	Sat	Saturday	Jan	January	5
2019-01-06	2019	1	1Q	1H	2019-01-01	2019-01-31	Sun	Sunday	Jan	January	6
2019-01-07	2019	1	1Q	1H	2019-01-01	2019-01-31	Mon	Monday	Jan	January	7
2019-01-08	2019	1	1Q	1H	2019-01-01	2019-01-31	Tue	Tuesday	Jan	January	8
2019-01-09	2019	1	1Q	1H	2019-01-01	2019-01-31	Wed	Wednesday	Jan	January	9
2019-01-10	2019	1	1Q	1H	2019-01-01	2019-01-31	Thu	Thursday	Jan	January	10
2019-01-11	2019	1	1Q	1H	2019-01-01	2019-01-31	Fri	Friday	Jan	January	11
2019-01-12	2019	1	1Q	1H	2019-01-01	2019-01-31	Sat	Saturday	Jan	January	12
2019-01-13	2019	1	1Q	1H	2019-01-01	2019-01-31	Sun	Sunday	Jan	January	13
2019-01-14	2019	1	1Q	1H	2019-01-01	2019-01-31	Mon	Monday	Jan	January	14
2019-01-15	2019	1	1Q	1H	2019-01-01	2019-01-31	Tue	Tuesday	Jan	January	15
2019-01-16	2019	1	1Q	1H	2019-01-01	2019-01-31	Wed	Wednesday	Jan	January	16
2019-01-17	2019	1	1Q	1H	2019-01-01	2019-01-31	Thu	Thursday	Jan	January	17
2019-01-18	2019	1	1Q	1H	2019-01-01	2019-01-31	Fri	Friday	Jan	January	18
2019-01-19	2019	1	1Q	1H	2019-01-01	2019-01-31	Sat	Saturday	Jan	January	19
2019-01-20	2019	1	1Q	1H	2019-01-01	2019-01-31	Sun	Sunday	Jan	January	20
2019-01-21	2019	1	1Q	1H	2019-01-01	2019-01-31	Mon	Monday	Jan	January	21
2019-01-22	2019	1	1Q	1H	2019-01-01	2019-01-31	Tue	Tuesday	Jan	January	22
2019-01-23	2019	1	1Q	1H	2019-01-01	2019-01-31	Wed	Wednesday	Jan	January	23
2019-01-24	2019	1	1Q	1H	2019-01-01	2019-01-31	Thu	Thursday	Jan	January	24
2019-01-25	2019	1	1Q	1H	2019-01-01	2019-01-31	Fri	Friday	Jan	January	25
2019-01-26	2019	1	1Q	1H	2019-01-01	2019-01-31	Sat	Saturday	Jan	January	26
2019-01-27	2019	1	1Q	1H	2019-01-01	2019-01-31	Sun	Sunday	Jan	January	27
2019-01-28	2019	1	1Q	1H	2019-01-01	2019-01-31	Mon	Monday	Jan	January	28
2019-01-29	2019	1	1Q	1H	2019-01-01	2019-01-31	Tue	Tuesday	Jan	January	29
2019-01-30	2019	1	1Q	1H	2019-01-01	2019-01-31	Wed	Wednesday	Jan	January	30
2019-01-31	2019	1	1Q	1H	2019-01-01	2019-01-31	Thu	Thursday	Jan	January	31
2019-02-01	2019	2	1Q	1H	2019-02-01	2019-02-28	Fri	Friday	Feb	February	32
2019-02-02	2019	2	1Q	1H	2019-02-01	2019-02-28	Sat	Saturday	Feb	February	33
2019-02-03	2019	2	1Q	1H	2019-02-01	2019-02-28	Sun	Sunday	Feb	February	34
2019-02-04	2019	2	1Q	1H	2019-02-01	2019-02-28	Mon	Monday	Feb	February	35
2019-02-05	2019	2	1Q	1H	2019-02-01	2019-02-28	Tue	Tuesday	Feb	February	36
2019-02-06	2019	2	1Q	1H	2019-02-01	2019-02-28	Wed	Wednesday	Feb	February	37
2019-02-07	2019	2	1Q	1H	2019-02-01	2019-02-28	Thu	Thursday	Feb	February	38
2019-02-08	2019	2	1Q	1H	2019-02-01	2019-02-28	Fri	Friday	Feb	February	39
2019-02-09	2019	2	1Q	1H	2019-02-01	2019-02-28	Sat	Saturday	Feb	February	40
2019-02-10	2019	2	1Q	1H	2019-02-01	2019-02-28	Sun	Sunday	Feb	February	41
2019-02-11	2019	2	1Q	1H	2019-02-01	2019-02-28	Mon	Monday	Feb	February	42
2019-02-12	2019	2	1Q	1H	2019-02-01	2019-02-28	Tue	Tuesday	Feb	February	43
2019-02-13	2019	2	1Q	1H	2019-02-01	2019-02-28	Wed	Wednesday	Feb	February	44
2019-02-14	2019	2	1Q	1H	2019-02-01	2019-02-28	Thu	Thursday	Feb	February	45
2019-02-15	2019	2	1Q	1H	2019-02-01	2019-02-28	Fri	Friday	Feb	February	46
2019-02-16	2019	2	1Q	1H	2019-02-01	2019-02-28	Sat	Saturday	Feb	February	47
2019-02-17	2019	2	1Q	1H	2019-02-01	2019-02-28	Sun	Sunday	Feb	February	48
2019-02-18	2019	2	1Q	1H	2019-02-01	2019-02-28	Mon	Monday	Feb	February	49
2019-02-19	2019	2	1Q	1H	2019-02-01	2019-02-28	Tue	Tuesday	Feb	February	50
2019-02-20	2019	2	1Q	1H	2019-02-01	2019-02-28	Wed	Wednesday	Feb	February	51
2019-02-21	2019	2	1Q	1H	2019-02-01	2019-02-28	Thu	Thursday	Feb	February	52
2019-02-22	2019	2	1Q	1H	2019-02-01	2019-02-28	Fri	Friday	Feb	February	53
2019-02-23	2019	2	1Q	1H	2019-02-01	2019-02-28	Sat	Saturday	Feb	February	54
2019-02-24	2019	2	1Q	1H	2019-02-01	2019-02-28	Sun	Sunday	Feb	February	55
2019-02-25	2019	2	1Q	1H	2019-02-01	2019-02-28	Mon	Monday	Feb	February	56
2019-02-26	2019	2	1Q	1H	2019-02-01	2019-02-28	Tue	Tuesday	Feb	February	57
2019-02-27	2019	2	1Q	1H	2019-02-01	2019-02-28	Wed	Wednesday	Feb	February	58
2019-02-28	2019	2	1Q	1H	2019-02-01	2019-02-28	Thu	Thursday	Feb	February	59
2019-03-01	2019	3	1Q	1H	2019-03-01	2019-03-31	Fri	Friday	Mar	March	60
2019-03-02	2019	3	1Q	1H	2019-03-01	2019-03-31	Sat	Saturday	Mar	March	61
2019-03-03	2019	3	1Q	1H	2019-03-01	2019-03-31	Sun	Sunday	Mar	March	62
2019-03-04	2019	3	1Q	1H	2019-03-01	2019-03-31	Mon	Monday	Mar	March	63
2019-03-05	2019	3	1Q	1H	2019-03-01	2019-03-31	Tue	Tuesday	Mar	March	64
2019-03-06	2019	3	1Q	1H	2019-03-01	2019-03-31	Wed	Wednesday	Mar	March	65
2019-03-07	2019	3	1Q	1H	2019-03-01	2019-03-31	Thu	Thursday	Mar	March	66
2019-03-08	2019	3	1Q	1H	2019-03-01	2019-03-31	Fri	Friday	Mar	March	67
2019-03-09	2019	3	1Q	1H	2019-03-01	2019-03-31	Sat	Saturday	Mar	March	68
2019-03-10	2019	3	1Q	1H	2019-03-01	2019-03-31	Sun	Sunday	Mar	March	69
2019-03-11	2019	3	1Q	1H	2019-03-01	2019-03-31	Mon	Monday	Mar	March	70
2019-03-12	2019	3	1Q	1H	2019-03-01	2019-03-31	Tue	Tuesday	Mar	March	71
2019-03-13	2019	3	1Q	1H	2019-03-01	2019-03-31	Wed	Wednesday	Mar	March	72
2019-03-14	2019	3	1Q	1H	2019-03-01	2019-03-31	Thu	Thursday	Mar	March	73
2019-03-15	2019	3	1Q	1H	2019-03-01	2019-03-31	Fri	Friday	Mar	March	74
2019-03-16	2019	3	1Q	1H	2019-03-01	2019-03-31	Sat	Saturday	Mar	March	75
2019-03-17	2019	3	1Q	1H	2019-03-01	2019-03-31	Sun	Sunday	Mar	March	76
2019-03-18	2019	3	1Q	1H	2019-03-01	2019-03-31	Mon	Monday	Mar	March	77
2019-03-19	2019	3	1Q	1H	2019-03-01	2019-03-31	Tue	Tuesday	Mar	March	78
2019-03-20	2019	3	1Q	1H	2019-03-01	2019-03-31	Wed	Wednesday	Mar	March	79
2019-03-21	2019	3	1Q	1H	2019-03-01	2019-03-31	Thu	Thursday	Mar	March	80
2019-03-22	2019	3	1Q	1H	2019-03-01	2019-03-31	Fri	Friday	Mar	March	81
2019-03-23	2019	3	1Q	1H	2019-03-01	2019-03-31	Sat	Saturday	Mar	March	82
2019-03-24	2019	3	1Q	1H	2019-03-01	2019-03-31	Sun	Sunday	Mar	March	83
2019-03-25	2019	3	1Q	1H	2019-03-01	2019-03-31	Mon	Monday	Mar	March	84
2019-03-26	2019	3	1Q	1H	2019-03-01	2019-03-31	Tue	Tuesday	Mar	March	85
2019-03-27	2019	3	1Q	1H	2019-03-01	2019-03-31	Wed	Wednesday	Mar	March	86
2019-03-28	2019	3	1Q	1H	2019-03-01	2019-03-31	Thu	Thursday	Mar	March	87
2019-03-29	2019	3	1Q	1H	2019-03-01	2019-03-31	Fri	Friday	Mar	March	88
2019-03-30	2019	3	1Q	1H	2019-03-01	2019-03-31	Sat	Saturday	Mar	March	89
2019-03-31	2019	3	1Q	1H	2019-03-01	2019-03-31	Sun	Sunday	Mar	March	90
2019-04-01	2019	4	2Q	1H	2019-04-01	2019-04-30	Mon	Monday	Apr	April	91
2019-04-02	2019	4	2Q	1H	2019-04-01	2019-04-30	Tue	Tuesday	Apr	April	92
2019-04-03	2019	4	2Q	1H	2019-04-01	2019-04-30	Wed	Wednesday	Apr	April	93
2019-04-04	2019	4	2Q	1H	2019-04-01	2019-04-30	Thu	Thursday	Apr	April	94
2019-04-05	2019	4	2Q	1H	2019-04-01	2019-04-30	Fri	Friday	Apr	April	95
2019-04-06	2019	4	2Q	1H	2019-04-01	2019-04-30	Sat	Saturday	Apr	April	96
2019-04-07	2019	4	2Q	1H	2019-04-01	2019-04-30	Sun	Sunday	Apr	April	97
2019-04-08	2019	4	2Q	1H	2019-04-01	2019-04-30	Mon	Monday	Apr	April	98
2019-04-09	2019	4	2Q	1H	2019-04-01	2019-04-30	Tue	Tuesday	Apr	April	99
2019-04-10	2019	4	2Q	1H	2019-04-01	2019-04-30	Wed	Wednesday	Apr	April	100
2019-04-11	2019	4	2Q	1H	2019-04-01	2019-04-30	Thu	Thursday	Apr	April	101
2019-04-12	2019	4	2Q	1H	2019-04-01	2019-04-30	Fri	Friday	Apr	April	102
2019-04-13	2019	4	2Q	1H	2019-04-01	2019-04-30	Sat	Saturday	Apr	April	103
2019-04-14	2019	4	2Q	1H	2019-04-01	2019-04-30	Sun	Sunday	Apr	April	104
2019-04-15	2019	4	2Q	1H	2019-04-01	2019-04-30	Mon	Monday	Apr	April	105
2019-04-16	2019	4	2Q	1H	2019-04-01	2019-04-30	Tue	Tuesday	Apr	April	106
2019-04-17	2019	4	2Q	1H	2019-04-01	2019-04-30	Wed	Wednesday	Apr	April	107
2019-04-18	2019	4	2Q	1H	2019-04-01	2019-04-30	Thu	Thursday	Apr	April	108
2019-04-19	2019	4	2Q	1H	2019-04-01	2019-04-30	Fri	Friday	Apr	April	109
2019-04-20	2019	4	2Q	1H	2019-04-01	2019-04-30	Sat	Saturday	Apr	April	110
2019-04-21	2019	4	2Q	1H	2019-04-01	2019-04-30	Sun	Sunday	Apr	April	111
2019-04-22	2019	4	2Q	1H	2019-04-01	2019-04-30	Mon	Monday	Apr	April	112
2019-04-23	2019	4	2Q	1H	2019-04-01	2019-04-30	Tue	Tuesday	Apr	April	113
2019-04-24	2019	4	2Q	1H	2019-04-01	2019-04-30	Wed	Wednesday	Apr	April	114
2019-04-25	2019	4	2Q	1H	2019-04-01	2019-04-30	Thu	Thursday	Apr	April	115
2019-04-26	2019	4	2Q	1H	2019-04-01	2019-04-30	Fri	Friday	Apr	April	116
2019-04-27	2019	4	2Q	1H	2019-04-01	2019-04-30	Sat	Saturday	Apr	April	117
2019-04-28	2019	4	2Q	1H	2019-04-01	2019-04-30	Sun	Sunday	Apr	April	118
2019-04-29	2019	4	2Q	1H	2019-04-01	2019-04-30	Mon	Monday	Apr	April	119
2019-04-30	2019	4	2Q	1H	2019-04-01	2019-04-30	Tue	Tuesday	Apr	April	120
2019-05-01	2019	5	2Q	1H	2019-05-01	2019-05-31	Wed	Wednesday	May	May	121
2019-05-02	2019	5	2Q	1H	2019-05-01	2019-05-31	Thu	Thursday	May	May	122
2019-05-03	2019	5	2Q	1H	2019-05-01	2019-05-31	Fri	Friday	May	May	123
2019-05-04	2019	5	2Q	1H	2019-05-01	2019-05-31	Sat	Saturday	May	May	124
2019-05-05	2019	5	2Q	1H	2019-05-01	2019-05-31	Sun	Sunday	May	May	125
2019-05-06	2019	5	2Q	1H	2019-05-01	2019-05-31	Mon	Monday	May	May	126
2019-05-07	2019	5	2Q	1H	2019-05-01	2019-05-31	Tue	Tuesday	May	May	127
2019-05-08	2019	5	2Q	1H	2019-05-01	2019-05-31	Wed	Wednesday	May	May	128
2019-05-09	2019	5	2Q	1H	2019-05-01	2019-05-31	Thu	Thursday	May	May	129
2019-05-10	2019	5	2Q	1H	2019-05-01	2019-05-31	Fri	Friday	May	May	130
2019-05-11	2019	5	2Q	1H	2019-05-01	2019-05-31	Sat	Saturday	May	May	131
2019-05-12	2019	5	2Q	1H	2019-05-01	2019-05-31	Sun	Sunday	May	May	132
2019-05-13	2019	5	2Q	1H	2019-05-01	2019-05-31	Mon	Monday	May	May	133
2019-05-14	2019	5	2Q	1H	2019-05-01	2019-05-31	Tue	Tuesday	May	May	134
2019-05-15	2019	5	2Q	1H	2019-05-01	2019-05-31	Wed	Wednesday	May	May	135
2019-05-16	2019	5	2Q	1H	2019-05-01	2019-05-31	Thu	Thursday	May	May	136
2019-05-17	2019	5	2Q	1H	2019-05-01	2019-05-31	Fri	Friday	May	May	137
2019-05-18	2019	5	2Q	1H	2019-05-01	2019-05-31	Sat	Saturday	May	May	138
2019-05-19	2019	5	2Q	1H	2019-05-01	2019-05-31	Sun	Sunday	May	May	139
2019-05-20	2019	5	2Q	1H	2019-05-01	2019-05-31	Mon	Monday	May	May	140
2019-05-21	2019	5	2Q	1H	2019-05-01	2019-05-31	Tue	Tuesday	May	May	141
2019-05-22	2019	5	2Q	1H	2019-05-01	2019-05-31	Wed	Wednesday	May	May	142
2019-05-23	2019	5	2Q	1H	2019-05-01	2019-05-31	Thu	Thursday	May	May	143
2019-05-24	2019	5	2Q	1H	2019-05-01	2019-05-31	Fri	Friday	May	May	144
2019-05-25	2019	5	2Q	1H	2019-05-01	2019-05-31	Sat	Saturday	May	May	145
2019-05-26	2019	5	2Q	1H	2019-05-01	2019-05-31	Sun	Sunday	May	May	146
2019-05-27	2019	5	2Q	1H	2019-05-01	2019-05-31	Mon	Monday	May	May	147
2019-05-28	2019	5	2Q	1H	2019-05-01	2019-05-31	Tue	Tuesday	May	May	148
2019-05-29	2019	5	2Q	1H	2019-05-01	2019-05-31	Wed	Wednesday	May	May	149
2019-05-30	2019	5	2Q	1H	2019-05-01	2019-05-31	Thu	Thursday	May	May	150
2019-05-31	2019	5	2Q	1H	2019-05-01	2019-05-31	Fri	Friday	May	May	151
2019-06-01	2019	6	2Q	1H	2019-06-01	2019-06-30	Sat	Saturday	Jun	June	152
2019-06-02	2019	6	2Q	1H	2019-06-01	2019-06-30	Sun	Sunday	Jun	June	153
2019-06-03	2019	6	2Q	1H	2019-06-01	2019-06-30	Mon	Monday	Jun	June	154
2019-06-04	2019	6	2Q	1H	2019-06-01	2019-06-30	Tue	Tuesday	Jun	June	155
2019-06-05	2019	6	2Q	1H	2019-06-01	2019-06-30	Wed	Wednesday	Jun	June	156
2019-06-06	2019	6	2Q	1H	2019-06-01	2019-06-30	Thu	Thursday	Jun	June	157
2019-06-07	2019	6	2Q	1H	2019-06-01	2019-06-30	Fri	Friday	Jun	June	158
2019-06-08	2019	6	2Q	1H	2019-06-01	2019-06-30	Sat	Saturday	Jun	June	159
2019-06-09	2019	6	2Q	1H	2019-06-01	2019-06-30	Sun	Sunday	Jun	June	160
2019-06-10	2019	6	2Q	1H	2019-06-01	2019-06-30	Mon	Monday	Jun	June	161
2019-06-11	2019	6	2Q	1H	2019-06-01	2019-06-30	Tue	Tuesday	Jun	June	162
2019-06-12	2019	6	2Q	1H	2019-06-01	2019-06-30	Wed	Wednesday	Jun	June	163
2019-06-13	2019	6	2Q	1H	2019-06-01	2019-06-30	Thu	Thursday	Jun	June	164
2019-06-14	2019	6	2Q	1H	2019-06-01	2019-06-30	Fri	Friday	Jun	June	165
2019-06-15	2019	6	2Q	1H	2019-06-01	2019-06-30	Sat	Saturday	Jun	June	166
2019-06-16	2019	6	2Q	1H	2019-06-01	2019-06-30	Sun	Sunday	Jun	June	167
2019-06-17	2019	6	2Q	1H	2019-06-01	2019-06-30	Mon	Monday	Jun	June	168
2019-06-18	2019	6	2Q	1H	2019-06-01	2019-06-30	Tue	Tuesday	Jun	June	169
2019-06-19	2019	6	2Q	1H	2019-06-01	2019-06-30	Wed	Wednesday	Jun	June	170
2019-06-20	2019	6	2Q	1H	2019-06-01	2019-06-30	Thu	Thursday	Jun	June	171
2019-06-21	2019	6	2Q	1H	2019-06-01	2019-06-30	Fri	Friday	Jun	June	172
2019-06-22	2019	6	2Q	1H	2019-06-01	2019-06-30	Sat	Saturday	Jun	June	173
2019-06-23	2019	6	2Q	1H	2019-06-01	2019-06-30	Sun	Sunday	Jun	June	174
2019-06-24	2019	6	2Q	1H	2019-06-01	2019-06-30	Mon	Monday	Jun	June	175
2019-06-25	2019	6	2Q	1H	2019-06-01	2019-06-30	Tue	Tuesday	Jun	June	176
2019-06-26	2019	6	2Q	1H	2019-06-01	2019-06-30	Wed	Wednesday	Jun	June	177
2019-06-27	2019	6	2Q	1H	2019-06-01	2019-06-30	Thu	Thursday	Jun	June	178
2019-06-28	2019	6	2Q	1H	2019-06-01	2019-06-30	Fri	Friday	Jun	June	179
2019-06-29	2019	6	2Q	1H	2019-06-01	2019-06-30	Sat	Saturday	Jun	June	180
2019-06-30	2019	6	2Q	1H	2019-06-01	2019-06-30	Sun	Sunday	Jun	June	181
2019-07-01	2019	7	3Q	2H	2019-07-01	2019-07-31	Mon	Monday	Jul	July	182
2019-07-02	2019	7	3Q	2H	2019-07-01	2019-07-31	Tue	Tuesday	Jul	July	183
2019-07-03	2019	7	3Q	2H	2019-07-01	2019-07-31	Wed	Wednesday	Jul	July	184
2019-07-04	2019	7	3Q	2H	2019-07-01	2019-07-31	Thu	Thursday	Jul	July	185
2019-07-05	2019	7	3Q	2H	2019-07-01	2019-07-31	Fri	Friday	Jul	July	186
2019-07-06	2019	7	3Q	2H	2019-07-01	2019-07-31	Sat	Saturday	Jul	July	187
2019-07-07	2019	7	3Q	2H	2019-07-01	2019-07-31	Sun	Sunday	Jul	July	188
2019-07-08	2019	7	3Q	2H	2019-07-01	2019-07-31	Mon	Monday	Jul	July	189
2019-07-09	2019	7	3Q	2H	2019-07-01	2019-07-31	Tue	Tuesday	Jul	July	190
2019-07-10	2019	7	3Q	2H	2019-07-01	2019-07-31	Wed	Wednesday	Jul	July	191
2019-07-11	2019	7	3Q	2H	2019-07-01	2019-07-31	Thu	Thursday	Jul	July	192
2019-07-12	2019	7	3Q	2H	2019-07-01	2019-07-31	Fri	Friday	Jul	July	193
2019-07-13	2019	7	3Q	2H	2019-07-01	2019-07-31	Sat	Saturday	Jul	July	194
2019-07-14	2019	7	3Q	2H	2019-07-01	2019-07-31	Sun	Sunday	Jul	July	195
2019-07-15	2019	7	3Q	2H	2019-07-01	2019-07-31	Mon	Monday	Jul	July	196
2019-07-16	2019	7	3Q	2H	2019-07-01	2019-07-31	Tue	Tuesday	Jul	July	197
2019-07-17	2019	7	3Q	2H	2019-07-01	2019-07-31	Wed	Wednesday	Jul	July	198
2019-07-18	2019	7	3Q	2H	2019-07-01	2019-07-31	Thu	Thursday	Jul	July	199
2019-07-19	2019	7	3Q	2H	2019-07-01	2019-07-31	Fri	Friday	Jul	July	200
2019-07-20	2019	7	3Q	2H	2019-07-01	2019-07-31	Sat	Saturday	Jul	July	201
2019-07-21	2019	7	3Q	2H	2019-07-01	2019-07-31	Sun	Sunday	Jul	July	202
2019-07-22	2019	7	3Q	2H	2019-07-01	2019-07-31	Mon	Monday	Jul	July	203
2019-07-23	2019	7	3Q	2H	2019-07-01	2019-07-31	Tue	Tuesday	Jul	July	204
2019-07-24	2019	7	3Q	2H	2019-07-01	2019-07-31	Wed	Wednesday	Jul	July	205
2019-07-25	2019	7	3Q	2H	2019-07-01	2019-07-31	Thu	Thursday	Jul	July	206
2019-07-26	2019	7	3Q	2H	2019-07-01	2019-07-31	Fri	Friday	Jul	July	207
2019-07-27	2019	7	3Q	2H	2019-07-01	2019-07-31	Sat	Saturday	Jul	July	208
2019-07-28	2019	7	3Q	2H	2019-07-01	2019-07-31	Sun	Sunday	Jul	July	209
2019-07-29	2019	7	3Q	2H	2019-07-01	2019-07-31	Mon	Monday	Jul	July	210
2019-07-30	2019	7	3Q	2H	2019-07-01	2019-07-31	Tue	Tuesday	Jul	July	211
2019-07-31	2019	7	3Q	2H	2019-07-01	2019-07-31	Wed	Wednesday	Jul	July	212
2019-08-01	2019	8	3Q	2H	2019-08-01	2019-08-31	Thu	Thursday	Aug	August	213
2019-08-02	2019	8	3Q	2H	2019-08-01	2019-08-31	Fri	Friday	Aug	August	214
2019-08-03	2019	8	3Q	2H	2019-08-01	2019-08-31	Sat	Saturday	Aug	August	215
2019-08-04	2019	8	3Q	2H	2019-08-01	2019-08-31	Sun	Sunday	Aug	August	216
2019-08-05	2019	8	3Q	2H	2019-08-01	2019-08-31	Mon	Monday	Aug	August	217
2019-08-06	2019	8	3Q	2H	2019-08-01	2019-08-31	Tue	Tuesday	Aug	August	218
2019-08-07	2019	8	3Q	2H	2019-08-01	2019-08-31	Wed	Wednesday	Aug	August	219
2019-08-08	2019	8	3Q	2H	2019-08-01	2019-08-31	Thu	Thursday	Aug	August	220
2019-08-09	2019	8	3Q	2H	2019-08-01	2019-08-31	Fri	Friday	Aug	August	221
2019-08-10	2019	8	3Q	2H	2019-08-01	2019-08-31	Sat	Saturday	Aug	August	222
2019-08-11	2019	8	3Q	2H	2019-08-01	2019-08-31	Sun	Sunday	Aug	August	223
2019-08-12	2019	8	3Q	2H	2019-08-01	2019-08-31	Mon	Monday	Aug	August	224
2019-08-13	2019	8	3Q	2H	2019-08-01	2019-08-31	Tue	Tuesday	Aug	August	225
2019-08-14	2019	8	3Q	2H	2019-08-01	2019-08-31	Wed	Wednesday	Aug	August	226
2019-08-15	2019	8	3Q	2H	2019-08-01	2019-08-31	Thu	Thursday	Aug	August	227
2019-08-16	2019	8	3Q	2H	2019-08-01	2019-08-31	Fri	Friday	Aug	August	228
2019-08-17	2019	8	3Q	2H	2019-08-01	2019-08-31	Sat	Saturday	Aug	August	229
2019-08-18	2019	8	3Q	2H	2019-08-01	2019-08-31	Sun	Sunday	Aug	August	230
2019-08-19	2019	8	3Q	2H	2019-08-01	2019-08-31	Mon	Monday	Aug	August	231
2019-08-20	2019	8	3Q	2H	2019-08-01	2019-08-31	Tue	Tuesday	Aug	August	232
2019-08-21	2019	8	3Q	2H	2019-08-01	2019-08-31	Wed	Wednesday	Aug	August	233
2019-08-22	2019	8	3Q	2H	2019-08-01	2019-08-31	Thu	Thursday	Aug	August	234
2019-08-23	2019	8	3Q	2H	2019-08-01	2019-08-31	Fri	Friday	Aug	August	235
2019-08-24	2019	8	3Q	2H	2019-08-01	2019-08-31	Sat	Saturday	Aug	August	236
2019-08-25	2019	8	3Q	2H	2019-08-01	2019-08-31	Sun	Sunday	Aug	August	237
2019-08-26	2019	8	3Q	2H	2019-08-01	2019-08-31	Mon	Monday	Aug	August	238
2019-08-27	2019	8	3Q	2H	2019-08-01	2019-08-31	Tue	Tuesday	Aug	August	239
2019-08-28	2019	8	3Q	2H	2019-08-01	2019-08-31	Wed	Wednesday	Aug	August	240
2019-08-29	2019	8	3Q	2H	2019-08-01	2019-08-31	Thu	Thursday	Aug	August	241
2019-08-30	2019	8	3Q	2H	2019-08-01	2019-08-31	Fri	Friday	Aug	August	242
2019-08-31	2019	8	3Q	2H	2019-08-01	2019-08-31	Sat	Saturday	Aug	August	243
2019-09-01	2019	9	3Q	2H	2019-09-01	2019-09-30	Sun	Sunday	Sept	September	244
2019-09-02	2019	9	3Q	2H	2019-09-01	2019-09-30	Mon	Monday	Sept	September	245
2019-09-03	2019	9	3Q	2H	2019-09-01	2019-09-30	Tue	Tuesday	Sept	September	246
2019-09-04	2019	9	3Q	2H	2019-09-01	2019-09-30	Wed	Wednesday	Sept	September	247
2019-09-05	2019	9	3Q	2H	2019-09-01	2019-09-30	Thu	Thursday	Sept	September	248
2019-09-06	2019	9	3Q	2H	2019-09-01	2019-09-30	Fri	Friday	Sept	September	249
2019-09-07	2019	9	3Q	2H	2019-09-01	2019-09-30	Sat	Saturday	Sept	September	250
2019-09-08	2019	9	3Q	2H	2019-09-01	2019-09-30	Sun	Sunday	Sept	September	251
2019-09-09	2019	9	3Q	2H	2019-09-01	2019-09-30	Mon	Monday	Sept	September	252
2019-09-10	2019	9	3Q	2H	2019-09-01	2019-09-30	Tue	Tuesday	Sept	September	253
2019-09-11	2019	9	3Q	2H	2019-09-01	2019-09-30	Wed	Wednesday	Sept	September	254
2019-09-12	2019	9	3Q	2H	2019-09-01	2019-09-30	Thu	Thursday	Sept	September	255
2019-09-13	2019	9	3Q	2H	2019-09-01	2019-09-30	Fri	Friday	Sept	September	256
2019-09-14	2019	9	3Q	2H	2019-09-01	2019-09-30	Sat	Saturday	Sept	September	257
2019-09-15	2019	9	3Q	2H	2019-09-01	2019-09-30	Sun	Sunday	Sept	September	258
2019-09-16	2019	9	3Q	2H	2019-09-01	2019-09-30	Mon	Monday	Sept	September	259
2019-09-17	2019	9	3Q	2H	2019-09-01	2019-09-30	Tue	Tuesday	Sept	September	260
2019-09-18	2019	9	3Q	2H	2019-09-01	2019-09-30	Wed	Wednesday	Sept	September	261
2019-09-19	2019	9	3Q	2H	2019-09-01	2019-09-30	Thu	Thursday	Sept	September	262
2019-09-20	2019	9	3Q	2H	2019-09-01	2019-09-30	Fri	Friday	Sept	September	263
2019-09-21	2019	9	3Q	2H	2019-09-01	2019-09-30	Sat	Saturday	Sept	September	264
2019-09-22	2019	9	3Q	2H	2019-09-01	2019-09-30	Sun	Sunday	Sept	September	265
2019-09-23	2019	9	3Q	2H	2019-09-01	2019-09-30	Mon	Monday	Sept	September	266
2019-09-24	2019	9	3Q	2H	2019-09-01	2019-09-30	Tue	Tuesday	Sept	September	267
2019-09-25	2019	9	3Q	2H	2019-09-01	2019-09-30	Wed	Wednesday	Sept	September	268
2019-09-26	2019	9	3Q	2H	2019-09-01	2019-09-30	Thu	Thursday	Sept	September	269
2019-09-27	2019	9	3Q	2H	2019-09-01	2019-09-30	Fri	Friday	Sept	September	270
2019-09-28	2019	9	3Q	2H	2019-09-01	2019-09-30	Sat	Saturday	Sept	September	271
2019-09-29	2019	9	3Q	2H	2019-09-01	2019-09-30	Sun	Sunday	Sept	September	272
2019-09-30	2019	9	3Q	2H	2019-09-01	2019-09-30	Mon	Monday	Sept	September	273
2019-10-01	2019	10	4Q	2H	2019-10-01	2019-10-31	Tue	Tuesday	Oct	October	274
2019-10-02	2019	10	4Q	2H	2019-10-01	2019-10-31	Wed	Wednesday	Oct	October	275
2019-10-03	2019	10	4Q	2H	2019-10-01	2019-10-31	Thu	Thursday	Oct	October	276
2019-10-04	2019	10	4Q	2H	2019-10-01	2019-10-31	Fri	Friday	Oct	October	277
2019-10-05	2019	10	4Q	2H	2019-10-01	2019-10-31	Sat	Saturday	Oct	October	278
2019-10-06	2019	10	4Q	2H	2019-10-01	2019-10-31	Sun	Sunday	Oct	October	279
2019-10-07	2019	10	4Q	2H	2019-10-01	2019-10-31	Mon	Monday	Oct	October	280
2019-10-08	2019	10	4Q	2H	2019-10-01	2019-10-31	Tue	Tuesday	Oct	October	281
2019-10-09	2019	10	4Q	2H	2019-10-01	2019-10-31	Wed	Wednesday	Oct	October	282
2019-10-10	2019	10	4Q	2H	2019-10-01	2019-10-31	Thu	Thursday	Oct	October	283
2019-10-11	2019	10	4Q	2H	2019-10-01	2019-10-31	Fri	Friday	Oct	October	284
2019-10-12	2019	10	4Q	2H	2019-10-01	2019-10-31	Sat	Saturday	Oct	October	285
2019-10-13	2019	10	4Q	2H	2019-10-01	2019-10-31	Sun	Sunday	Oct	October	286
2019-10-14	2019	10	4Q	2H	2019-10-01	2019-10-31	Mon	Monday	Oct	October	287
2019-10-15	2019	10	4Q	2H	2019-10-01	2019-10-31	Tue	Tuesday	Oct	October	288
2019-10-16	2019	10	4Q	2H	2019-10-01	2019-10-31	Wed	Wednesday	Oct	October	289
2019-10-17	2019	10	4Q	2H	2019-10-01	2019-10-31	Thu	Thursday	Oct	October	290
2019-10-18	2019	10	4Q	2H	2019-10-01	2019-10-31	Fri	Friday	Oct	October	291
2019-10-19	2019	10	4Q	2H	2019-10-01	2019-10-31	Sat	Saturday	Oct	October	292
2019-10-20	2019	10	4Q	2H	2019-10-01	2019-10-31	Sun	Sunday	Oct	October	293
2019-10-21	2019	10	4Q	2H	2019-10-01	2019-10-31	Mon	Monday	Oct	October	294
2019-10-22	2019	10	4Q	2H	2019-10-01	2019-10-31	Tue	Tuesday	Oct	October	295
2019-10-23	2019	10	4Q	2H	2019-10-01	2019-10-31	Wed	Wednesday	Oct	October	296
2019-10-24	2019	10	4Q	2H	2019-10-01	2019-10-31	Thu	Thursday	Oct	October	297
2019-10-25	2019	10	4Q	2H	2019-10-01	2019-10-31	Fri	Friday	Oct	October	298
2019-10-26	2019	10	4Q	2H	2019-10-01	2019-10-31	Sat	Saturday	Oct	October	299
2019-10-27	2019	10	4Q	2H	2019-10-01	2019-10-31	Sun	Sunday	Oct	October	300
2019-10-28	2019	10	4Q	2H	2019-10-01	2019-10-31	Mon	Monday	Oct	October	301
2019-10-29	2019	10	4Q	2H	2019-10-01	2019-10-31	Tue	Tuesday	Oct	October	302
2019-10-30	2019	10	4Q	2H	2019-10-01	2019-10-31	Wed	Wednesday	Oct	October	303
2019-10-31	2019	10	4Q	2H	2019-10-01	2019-10-31	Thu	Thursday	Oct	October	304
2019-11-01	2019	11	4Q	2H	2019-11-01	2019-11-30	Fri	Friday	Nov	November	305
2019-11-02	2019	11	4Q	2H	2019-11-01	2019-11-30	Sat	Saturday	Nov	November	306
2019-11-03	2019	11	4Q	2H	2019-11-01	2019-11-30	Sun	Sunday	Nov	November	307
2019-11-04	2019	11	4Q	2H	2019-11-01	2019-11-30	Mon	Monday	Nov	November	308
2019-11-05	2019	11	4Q	2H	2019-11-01	2019-11-30	Tue	Tuesday	Nov	November	309
2019-11-06	2019	11	4Q	2H	2019-11-01	2019-11-30	Wed	Wednesday	Nov	November	310
2019-11-07	2019	11	4Q	2H	2019-11-01	2019-11-30	Thu	Thursday	Nov	November	311
2019-11-08	2019	11	4Q	2H	2019-11-01	2019-11-30	Fri	Friday	Nov	November	312
2019-11-09	2019	11	4Q	2H	2019-11-01	2019-11-30	Sat	Saturday	Nov	November	313
2019-11-10	2019	11	4Q	2H	2019-11-01	2019-11-30	Sun	Sunday	Nov	November	314
2019-11-11	2019	11	4Q	2H	2019-11-01	2019-11-30	Mon	Monday	Nov	November	315
2019-11-12	2019	11	4Q	2H	2019-11-01	2019-11-30	Tue	Tuesday	Nov	November	316
2019-11-13	2019	11	4Q	2H	2019-11-01	2019-11-30	Wed	Wednesday	Nov	November	317
2019-11-14	2019	11	4Q	2H	2019-11-01	2019-11-30	Thu	Thursday	Nov	November	318
2019-11-15	2019	11	4Q	2H	2019-11-01	2019-11-30	Fri	Friday	Nov	November	319
2019-11-16	2019	11	4Q	2H	2019-11-01	2019-11-30	Sat	Saturday	Nov	November	320
2019-11-17	2019	11	4Q	2H	2019-11-01	2019-11-30	Sun	Sunday	Nov	November	321
2019-11-18	2019	11	4Q	2H	2019-11-01	2019-11-30	Mon	Monday	Nov	November	322
2019-11-19	2019	11	4Q	2H	2019-11-01	2019-11-30	Tue	Tuesday	Nov	November	323
2019-11-20	2019	11	4Q	2H	2019-11-01	2019-11-30	Wed	Wednesday	Nov	November	324
2019-11-21	2019	11	4Q	2H	2019-11-01	2019-11-30	Thu	Thursday	Nov	November	325
2019-11-22	2019	11	4Q	2H	2019-11-01	2019-11-30	Fri	Friday	Nov	November	326
2019-11-23	2019	11	4Q	2H	2019-11-01	2019-11-30	Sat	Saturday	Nov	November	327
2019-11-24	2019	11	4Q	2H	2019-11-01	2019-11-30	Sun	Sunday	Nov	November	328
2019-11-25	2019	11	4Q	2H	2019-11-01	2019-11-30	Mon	Monday	Nov	November	329
2019-11-26	2019	11	4Q	2H	2019-11-01	2019-11-30	Tue	Tuesday	Nov	November	330
2019-11-27	2019	11	4Q	2H	2019-11-01	2019-11-30	Wed	Wednesday	Nov	November	331
2019-11-28	2019	11	4Q	2H	2019-11-01	2019-11-30	Thu	Thursday	Nov	November	332
2019-11-29	2019	11	4Q	2H	2019-11-01	2019-11-30	Fri	Friday	Nov	November	333
2019-11-30	2019	11	4Q	2H	2019-11-01	2019-11-30	Sat	Saturday	Nov	November	334
2019-12-01	2019	12	4Q	2H	2019-12-01	2019-12-31	Sun	Sunday	Dec	December	335
2019-12-02	2019	12	4Q	2H	2019-12-01	2019-12-31	Mon	Monday	Dec	December	336
2019-12-03	2019	12	4Q	2H	2019-12-01	2019-12-31	Tue	Tuesday	Dec	December	337
2019-12-04	2019	12	4Q	2H	2019-12-01	2019-12-31	Wed	Wednesday	Dec	December	338
2019-12-05	2019	12	4Q	2H	2019-12-01	2019-12-31	Thu	Thursday	Dec	December	339
2019-12-06	2019	12	4Q	2H	2019-12-01	2019-12-31	Fri	Friday	Dec	December	340
2019-12-07	2019	12	4Q	2H	2019-12-01	2019-12-31	Sat	Saturday	Dec	December	341
2019-12-08	2019	12	4Q	2H	2019-12-01	2019-12-31	Sun	Sunday	Dec	December	342
2019-12-09	2019	12	4Q	2H	2019-12-01	2019-12-31	Mon	Monday	Dec	December	343
2019-12-10	2019	12	4Q	2H	2019-12-01	2019-12-31	Tue	Tuesday	Dec	December	344
2019-12-11	2019	12	4Q	2H	2019-12-01	2019-12-31	Wed	Wednesday	Dec	December	345
2019-12-12	2019	12	4Q	2H	2019-12-01	2019-12-31	Thu	Thursday	Dec	December	346
2019-12-13	2019	12	4Q	2H	2019-12-01	2019-12-31	Fri	Friday	Dec	December	347
2019-12-14	2019	12	4Q	2H	2019-12-01	2019-12-31	Sat	Saturday	Dec	December	348
2019-12-15	2019	12	4Q	2H	2019-12-01	2019-12-31	Sun	Sunday	Dec	December	349
2019-12-16	2019	12	4Q	2H	2019-12-01	2019-12-31	Mon	Monday	Dec	December	350
2019-12-17	2019	12	4Q	2H	2019-12-01	2019-12-31	Tue	Tuesday	Dec	December	351
2019-12-18	2019	12	4Q	2H	2019-12-01	2019-12-31	Wed	Wednesday	Dec	December	352
2019-12-19	2019	12	4Q	2H	2019-12-01	2019-12-31	Thu	Thursday	Dec	December	353
2019-12-20	2019	12	4Q	2H	2019-12-01	2019-12-31	Fri	Friday	Dec	December	354
2019-12-21	2019	12	4Q	2H	2019-12-01	2019-12-31	Sat	Saturday	Dec	December	355
2019-12-22	2019	12	4Q	2H	2019-12-01	2019-12-31	Sun	Sunday	Dec	December	356
2019-12-23	2019	12	4Q	2H	2019-12-01	2019-12-31	Mon	Monday	Dec	December	357
2019-12-24	2019	12	4Q	2H	2019-12-01	2019-12-31	Tue	Tuesday	Dec	December	358
2019-12-25	2019	12	4Q	2H	2019-12-01	2019-12-31	Wed	Wednesday	Dec	December	359
2019-12-26	2019	12	4Q	2H	2019-12-01	2019-12-31	Thu	Thursday	Dec	December	360
2019-12-27	2019	12	4Q	2H	2019-12-01	2019-12-31	Fri	Friday	Dec	December	361
2019-12-28	2019	12	4Q	2H	2019-12-01	2019-12-31	Sat	Saturday	Dec	December	362
2019-12-29	2019	12	4Q	2H	2019-12-01	2019-12-31	Sun	Sunday	Dec	December	363
2019-12-30	2019	12	4Q	2H	2019-12-01	2019-12-31	Mon	Monday	Dec	December	364
2019-12-31	2019	12	4Q	2H	2019-12-01	2019-12-31	Tue	Tuesday	Dec	December	365
2020-01-01	2020	1	1Q	1H	2020-01-01	2020-01-31	Wed	Wednesday	Jan	January	366
2020-01-02	2020	1	1Q	1H	2020-01-01	2020-01-31	Thu	Thursday	Jan	January	367
2020-01-03	2020	1	1Q	1H	2020-01-01	2020-01-31	Fri	Friday	Jan	January	368
2020-01-04	2020	1	1Q	1H	2020-01-01	2020-01-31	Sat	Saturday	Jan	January	369
2020-01-05	2020	1	1Q	1H	2020-01-01	2020-01-31	Sun	Sunday	Jan	January	370
2020-01-06	2020	1	1Q	1H	2020-01-01	2020-01-31	Mon	Monday	Jan	January	371
2020-01-07	2020	1	1Q	1H	2020-01-01	2020-01-31	Tue	Tuesday	Jan	January	372
2020-01-08	2020	1	1Q	1H	2020-01-01	2020-01-31	Wed	Wednesday	Jan	January	373
2020-01-09	2020	1	1Q	1H	2020-01-01	2020-01-31	Thu	Thursday	Jan	January	374
2020-01-10	2020	1	1Q	1H	2020-01-01	2020-01-31	Fri	Friday	Jan	January	375
2020-01-11	2020	1	1Q	1H	2020-01-01	2020-01-31	Sat	Saturday	Jan	January	376
2020-01-12	2020	1	1Q	1H	2020-01-01	2020-01-31	Sun	Sunday	Jan	January	377
2020-01-13	2020	1	1Q	1H	2020-01-01	2020-01-31	Mon	Monday	Jan	January	378
2020-01-14	2020	1	1Q	1H	2020-01-01	2020-01-31	Tue	Tuesday	Jan	January	379
2020-01-15	2020	1	1Q	1H	2020-01-01	2020-01-31	Wed	Wednesday	Jan	January	380
2020-01-16	2020	1	1Q	1H	2020-01-01	2020-01-31	Thu	Thursday	Jan	January	381
2020-01-17	2020	1	1Q	1H	2020-01-01	2020-01-31	Fri	Friday	Jan	January	382
2020-01-18	2020	1	1Q	1H	2020-01-01	2020-01-31	Sat	Saturday	Jan	January	383
2020-01-19	2020	1	1Q	1H	2020-01-01	2020-01-31	Sun	Sunday	Jan	January	384
2020-01-20	2020	1	1Q	1H	2020-01-01	2020-01-31	Mon	Monday	Jan	January	385
2020-01-21	2020	1	1Q	1H	2020-01-01	2020-01-31	Tue	Tuesday	Jan	January	386
2020-01-22	2020	1	1Q	1H	2020-01-01	2020-01-31	Wed	Wednesday	Jan	January	387
2020-01-23	2020	1	1Q	1H	2020-01-01	2020-01-31	Thu	Thursday	Jan	January	388
2020-01-24	2020	1	1Q	1H	2020-01-01	2020-01-31	Fri	Friday	Jan	January	389
2020-01-25	2020	1	1Q	1H	2020-01-01	2020-01-31	Sat	Saturday	Jan	January	390
2020-01-26	2020	1	1Q	1H	2020-01-01	2020-01-31	Sun	Sunday	Jan	January	391
2020-01-27	2020	1	1Q	1H	2020-01-01	2020-01-31	Mon	Monday	Jan	January	392
2020-01-28	2020	1	1Q	1H	2020-01-01	2020-01-31	Tue	Tuesday	Jan	January	393
2020-01-29	2020	1	1Q	1H	2020-01-01	2020-01-31	Wed	Wednesday	Jan	January	394
2020-01-30	2020	1	1Q	1H	2020-01-01	2020-01-31	Thu	Thursday	Jan	January	395
2020-01-31	2020	1	1Q	1H	2020-01-01	2020-01-31	Fri	Friday	Jan	January	396
2020-02-01	2020	2	1Q	1H	2020-02-01	2020-02-29	Sat	Saturday	Feb	February	397
2020-02-02	2020	2	1Q	1H	2020-02-01	2020-02-29	Sun	Sunday	Feb	February	398
2020-02-03	2020	2	1Q	1H	2020-02-01	2020-02-29	Mon	Monday	Feb	February	399
2020-02-04	2020	2	1Q	1H	2020-02-01	2020-02-29	Tue	Tuesday	Feb	February	400
2020-02-05	2020	2	1Q	1H	2020-02-01	2020-02-29	Wed	Wednesday	Feb	February	401
2020-02-06	2020	2	1Q	1H	2020-02-01	2020-02-29	Thu	Thursday	Feb	February	402
2020-02-07	2020	2	1Q	1H	2020-02-01	2020-02-29	Fri	Friday	Feb	February	403
2020-02-08	2020	2	1Q	1H	2020-02-01	2020-02-29	Sat	Saturday	Feb	February	404
2020-02-09	2020	2	1Q	1H	2020-02-01	2020-02-29	Sun	Sunday	Feb	February	405
2020-02-10	2020	2	1Q	1H	2020-02-01	2020-02-29	Mon	Monday	Feb	February	406
2020-02-11	2020	2	1Q	1H	2020-02-01	2020-02-29	Tue	Tuesday	Feb	February	407
2020-02-12	2020	2	1Q	1H	2020-02-01	2020-02-29	Wed	Wednesday	Feb	February	408
2020-02-13	2020	2	1Q	1H	2020-02-01	2020-02-29	Thu	Thursday	Feb	February	409
2020-02-14	2020	2	1Q	1H	2020-02-01	2020-02-29	Fri	Friday	Feb	February	410
2020-02-15	2020	2	1Q	1H	2020-02-01	2020-02-29	Sat	Saturday	Feb	February	411
2020-02-16	2020	2	1Q	1H	2020-02-01	2020-02-29	Sun	Sunday	Feb	February	412
2020-02-17	2020	2	1Q	1H	2020-02-01	2020-02-29	Mon	Monday	Feb	February	413
2020-02-18	2020	2	1Q	1H	2020-02-01	2020-02-29	Tue	Tuesday	Feb	February	414
2020-02-19	2020	2	1Q	1H	2020-02-01	2020-02-29	Wed	Wednesday	Feb	February	415
2020-02-20	2020	2	1Q	1H	2020-02-01	2020-02-29	Thu	Thursday	Feb	February	416
2020-02-21	2020	2	1Q	1H	2020-02-01	2020-02-29	Fri	Friday	Feb	February	417
2020-02-22	2020	2	1Q	1H	2020-02-01	2020-02-29	Sat	Saturday	Feb	February	418
2020-02-23	2020	2	1Q	1H	2020-02-01	2020-02-29	Sun	Sunday	Feb	February	419
2020-02-24	2020	2	1Q	1H	2020-02-01	2020-02-29	Mon	Monday	Feb	February	420
2020-02-25	2020	2	1Q	1H	2020-02-01	2020-02-29	Tue	Tuesday	Feb	February	421
2020-02-26	2020	2	1Q	1H	2020-02-01	2020-02-29	Wed	Wednesday	Feb	February	422
2020-02-27	2020	2	1Q	1H	2020-02-01	2020-02-29	Thu	Thursday	Feb	February	423
2020-02-28	2020	2	1Q	1H	2020-02-01	2020-02-29	Fri	Friday	Feb	February	424
2020-02-29	2020	2	1Q	1H	2020-02-01	2020-02-29	Sat	Saturday	Feb	February	425
2020-03-01	2020	3	1Q	1H	2020-03-01	2020-03-31	Sun	Sunday	Mar	March	426
2020-03-02	2020	3	1Q	1H	2020-03-01	2020-03-31	Mon	Monday	Mar	March	427
2020-03-03	2020	3	1Q	1H	2020-03-01	2020-03-31	Tue	Tuesday	Mar	March	428
2020-03-04	2020	3	1Q	1H	2020-03-01	2020-03-31	Wed	Wednesday	Mar	March	429
2020-03-05	2020	3	1Q	1H	2020-03-01	2020-03-31	Thu	Thursday	Mar	March	430
2020-03-06	2020	3	1Q	1H	2020-03-01	2020-03-31	Fri	Friday	Mar	March	431
2020-03-07	2020	3	1Q	1H	2020-03-01	2020-03-31	Sat	Saturday	Mar	March	432
2020-03-08	2020	3	1Q	1H	2020-03-01	2020-03-31	Sun	Sunday	Mar	March	433
2020-03-09	2020	3	1Q	1H	2020-03-01	2020-03-31	Mon	Monday	Mar	March	434
2020-03-10	2020	3	1Q	1H	2020-03-01	2020-03-31	Tue	Tuesday	Mar	March	435
2020-03-11	2020	3	1Q	1H	2020-03-01	2020-03-31	Wed	Wednesday	Mar	March	436
2020-03-12	2020	3	1Q	1H	2020-03-01	2020-03-31	Thu	Thursday	Mar	March	437
2020-03-13	2020	3	1Q	1H	2020-03-01	2020-03-31	Fri	Friday	Mar	March	438
2020-03-14	2020	3	1Q	1H	2020-03-01	2020-03-31	Sat	Saturday	Mar	March	439
2020-03-15	2020	3	1Q	1H	2020-03-01	2020-03-31	Sun	Sunday	Mar	March	440
2020-03-16	2020	3	1Q	1H	2020-03-01	2020-03-31	Mon	Monday	Mar	March	441
2020-03-17	2020	3	1Q	1H	2020-03-01	2020-03-31	Tue	Tuesday	Mar	March	442
2020-03-18	2020	3	1Q	1H	2020-03-01	2020-03-31	Wed	Wednesday	Mar	March	443
2020-03-19	2020	3	1Q	1H	2020-03-01	2020-03-31	Thu	Thursday	Mar	March	444
2020-03-20	2020	3	1Q	1H	2020-03-01	2020-03-31	Fri	Friday	Mar	March	445
2020-03-21	2020	3	1Q	1H	2020-03-01	2020-03-31	Sat	Saturday	Mar	March	446
2020-03-22	2020	3	1Q	1H	2020-03-01	2020-03-31	Sun	Sunday	Mar	March	447
2020-03-23	2020	3	1Q	1H	2020-03-01	2020-03-31	Mon	Monday	Mar	March	448
2020-03-24	2020	3	1Q	1H	2020-03-01	2020-03-31	Tue	Tuesday	Mar	March	449
2020-03-25	2020	3	1Q	1H	2020-03-01	2020-03-31	Wed	Wednesday	Mar	March	450
2020-03-26	2020	3	1Q	1H	2020-03-01	2020-03-31	Thu	Thursday	Mar	March	451
2020-03-27	2020	3	1Q	1H	2020-03-01	2020-03-31	Fri	Friday	Mar	March	452
2020-03-28	2020	3	1Q	1H	2020-03-01	2020-03-31	Sat	Saturday	Mar	March	453
2020-03-29	2020	3	1Q	1H	2020-03-01	2020-03-31	Sun	Sunday	Mar	March	454
2020-03-30	2020	3	1Q	1H	2020-03-01	2020-03-31	Mon	Monday	Mar	March	455
2020-03-31	2020	3	1Q	1H	2020-03-01	2020-03-31	Tue	Tuesday	Mar	March	456
2020-04-01	2020	4	2Q	1H	2020-04-01	2020-04-30	Wed	Wednesday	Apr	April	457
2020-04-02	2020	4	2Q	1H	2020-04-01	2020-04-30	Thu	Thursday	Apr	April	458
2020-04-03	2020	4	2Q	1H	2020-04-01	2020-04-30	Fri	Friday	Apr	April	459
2020-04-04	2020	4	2Q	1H	2020-04-01	2020-04-30	Sat	Saturday	Apr	April	460
2020-04-05	2020	4	2Q	1H	2020-04-01	2020-04-30	Sun	Sunday	Apr	April	461
2020-04-06	2020	4	2Q	1H	2020-04-01	2020-04-30	Mon	Monday	Apr	April	462
2020-04-07	2020	4	2Q	1H	2020-04-01	2020-04-30	Tue	Tuesday	Apr	April	463
2020-04-08	2020	4	2Q	1H	2020-04-01	2020-04-30	Wed	Wednesday	Apr	April	464
2020-04-09	2020	4	2Q	1H	2020-04-01	2020-04-30	Thu	Thursday	Apr	April	465
2020-04-10	2020	4	2Q	1H	2020-04-01	2020-04-30	Fri	Friday	Apr	April	466
2020-04-11	2020	4	2Q	1H	2020-04-01	2020-04-30	Sat	Saturday	Apr	April	467
2020-04-12	2020	4	2Q	1H	2020-04-01	2020-04-30	Sun	Sunday	Apr	April	468
2020-04-13	2020	4	2Q	1H	2020-04-01	2020-04-30	Mon	Monday	Apr	April	469
2020-04-14	2020	4	2Q	1H	2020-04-01	2020-04-30	Tue	Tuesday	Apr	April	470
2020-04-15	2020	4	2Q	1H	2020-04-01	2020-04-30	Wed	Wednesday	Apr	April	471
2020-04-16	2020	4	2Q	1H	2020-04-01	2020-04-30	Thu	Thursday	Apr	April	472
2020-04-17	2020	4	2Q	1H	2020-04-01	2020-04-30	Fri	Friday	Apr	April	473
2020-04-18	2020	4	2Q	1H	2020-04-01	2020-04-30	Sat	Saturday	Apr	April	474
2020-04-19	2020	4	2Q	1H	2020-04-01	2020-04-30	Sun	Sunday	Apr	April	475
2020-04-20	2020	4	2Q	1H	2020-04-01	2020-04-30	Mon	Monday	Apr	April	476
2020-04-21	2020	4	2Q	1H	2020-04-01	2020-04-30	Tue	Tuesday	Apr	April	477
2020-04-22	2020	4	2Q	1H	2020-04-01	2020-04-30	Wed	Wednesday	Apr	April	478
2020-04-23	2020	4	2Q	1H	2020-04-01	2020-04-30	Thu	Thursday	Apr	April	479
2020-04-24	2020	4	2Q	1H	2020-04-01	2020-04-30	Fri	Friday	Apr	April	480
2020-04-25	2020	4	2Q	1H	2020-04-01	2020-04-30	Sat	Saturday	Apr	April	481
2020-04-26	2020	4	2Q	1H	2020-04-01	2020-04-30	Sun	Sunday	Apr	April	482
2020-04-27	2020	4	2Q	1H	2020-04-01	2020-04-30	Mon	Monday	Apr	April	483
2020-04-28	2020	4	2Q	1H	2020-04-01	2020-04-30	Tue	Tuesday	Apr	April	484
2020-04-29	2020	4	2Q	1H	2020-04-01	2020-04-30	Wed	Wednesday	Apr	April	485
2020-04-30	2020	4	2Q	1H	2020-04-01	2020-04-30	Thu	Thursday	Apr	April	486
2020-05-01	2020	5	2Q	1H	2020-05-01	2020-05-31	Fri	Friday	May	May	487
2020-05-02	2020	5	2Q	1H	2020-05-01	2020-05-31	Sat	Saturday	May	May	488
2020-05-03	2020	5	2Q	1H	2020-05-01	2020-05-31	Sun	Sunday	May	May	489
2020-05-04	2020	5	2Q	1H	2020-05-01	2020-05-31	Mon	Monday	May	May	490
2020-05-05	2020	5	2Q	1H	2020-05-01	2020-05-31	Tue	Tuesday	May	May	491
2020-05-06	2020	5	2Q	1H	2020-05-01	2020-05-31	Wed	Wednesday	May	May	492
2020-05-07	2020	5	2Q	1H	2020-05-01	2020-05-31	Thu	Thursday	May	May	493
2020-05-08	2020	5	2Q	1H	2020-05-01	2020-05-31	Fri	Friday	May	May	494
2020-05-09	2020	5	2Q	1H	2020-05-01	2020-05-31	Sat	Saturday	May	May	495
2020-05-10	2020	5	2Q	1H	2020-05-01	2020-05-31	Sun	Sunday	May	May	496
2020-05-11	2020	5	2Q	1H	2020-05-01	2020-05-31	Mon	Monday	May	May	497
2020-05-12	2020	5	2Q	1H	2020-05-01	2020-05-31	Tue	Tuesday	May	May	498
2020-05-13	2020	5	2Q	1H	2020-05-01	2020-05-31	Wed	Wednesday	May	May	499
2020-05-14	2020	5	2Q	1H	2020-05-01	2020-05-31	Thu	Thursday	May	May	500
2020-05-15	2020	5	2Q	1H	2020-05-01	2020-05-31	Fri	Friday	May	May	501
2020-05-16	2020	5	2Q	1H	2020-05-01	2020-05-31	Sat	Saturday	May	May	502
2020-05-17	2020	5	2Q	1H	2020-05-01	2020-05-31	Sun	Sunday	May	May	503
2020-05-18	2020	5	2Q	1H	2020-05-01	2020-05-31	Mon	Monday	May	May	504
2020-05-19	2020	5	2Q	1H	2020-05-01	2020-05-31	Tue	Tuesday	May	May	505
2020-05-20	2020	5	2Q	1H	2020-05-01	2020-05-31	Wed	Wednesday	May	May	506
2020-05-21	2020	5	2Q	1H	2020-05-01	2020-05-31	Thu	Thursday	May	May	507
2020-05-22	2020	5	2Q	1H	2020-05-01	2020-05-31	Fri	Friday	May	May	508
2020-05-23	2020	5	2Q	1H	2020-05-01	2020-05-31	Sat	Saturday	May	May	509
2020-05-24	2020	5	2Q	1H	2020-05-01	2020-05-31	Sun	Sunday	May	May	510
2020-05-25	2020	5	2Q	1H	2020-05-01	2020-05-31	Mon	Monday	May	May	511
2020-05-26	2020	5	2Q	1H	2020-05-01	2020-05-31	Tue	Tuesday	May	May	512
2020-05-27	2020	5	2Q	1H	2020-05-01	2020-05-31	Wed	Wednesday	May	May	513
2020-05-28	2020	5	2Q	1H	2020-05-01	2020-05-31	Thu	Thursday	May	May	514
2020-05-29	2020	5	2Q	1H	2020-05-01	2020-05-31	Fri	Friday	May	May	515
2020-05-30	2020	5	2Q	1H	2020-05-01	2020-05-31	Sat	Saturday	May	May	516
2020-05-31	2020	5	2Q	1H	2020-05-01	2020-05-31	Sun	Sunday	May	May	517
2020-06-01	2020	6	2Q	1H	2020-06-01	2020-06-30	Mon	Monday	Jun	June	518
2020-06-02	2020	6	2Q	1H	2020-06-01	2020-06-30	Tue	Tuesday	Jun	June	519
2020-06-03	2020	6	2Q	1H	2020-06-01	2020-06-30	Wed	Wednesday	Jun	June	520
2020-06-04	2020	6	2Q	1H	2020-06-01	2020-06-30	Thu	Thursday	Jun	June	521
2020-06-05	2020	6	2Q	1H	2020-06-01	2020-06-30	Fri	Friday	Jun	June	522
2020-06-06	2020	6	2Q	1H	2020-06-01	2020-06-30	Sat	Saturday	Jun	June	523
2020-06-07	2020	6	2Q	1H	2020-06-01	2020-06-30	Sun	Sunday	Jun	June	524
2020-06-08	2020	6	2Q	1H	2020-06-01	2020-06-30	Mon	Monday	Jun	June	525
2020-06-09	2020	6	2Q	1H	2020-06-01	2020-06-30	Tue	Tuesday	Jun	June	526
2020-06-10	2020	6	2Q	1H	2020-06-01	2020-06-30	Wed	Wednesday	Jun	June	527
2020-06-11	2020	6	2Q	1H	2020-06-01	2020-06-30	Thu	Thursday	Jun	June	528
2020-06-12	2020	6	2Q	1H	2020-06-01	2020-06-30	Fri	Friday	Jun	June	529
2020-06-13	2020	6	2Q	1H	2020-06-01	2020-06-30	Sat	Saturday	Jun	June	530
2020-06-14	2020	6	2Q	1H	2020-06-01	2020-06-30	Sun	Sunday	Jun	June	531
2020-06-15	2020	6	2Q	1H	2020-06-01	2020-06-30	Mon	Monday	Jun	June	532
2020-06-16	2020	6	2Q	1H	2020-06-01	2020-06-30	Tue	Tuesday	Jun	June	533
2020-06-17	2020	6	2Q	1H	2020-06-01	2020-06-30	Wed	Wednesday	Jun	June	534
2020-06-18	2020	6	2Q	1H	2020-06-01	2020-06-30	Thu	Thursday	Jun	June	535
2020-06-19	2020	6	2Q	1H	2020-06-01	2020-06-30	Fri	Friday	Jun	June	536
2020-06-20	2020	6	2Q	1H	2020-06-01	2020-06-30	Sat	Saturday	Jun	June	537
2020-06-21	2020	6	2Q	1H	2020-06-01	2020-06-30	Sun	Sunday	Jun	June	538
2020-06-22	2020	6	2Q	1H	2020-06-01	2020-06-30	Mon	Monday	Jun	June	539
2020-06-23	2020	6	2Q	1H	2020-06-01	2020-06-30	Tue	Tuesday	Jun	June	540
2020-06-24	2020	6	2Q	1H	2020-06-01	2020-06-30	Wed	Wednesday	Jun	June	541
2020-06-25	2020	6	2Q	1H	2020-06-01	2020-06-30	Thu	Thursday	Jun	June	542
2020-06-26	2020	6	2Q	1H	2020-06-01	2020-06-30	Fri	Friday	Jun	June	543
2020-06-27	2020	6	2Q	1H	2020-06-01	2020-06-30	Sat	Saturday	Jun	June	544
2020-06-28	2020	6	2Q	1H	2020-06-01	2020-06-30	Sun	Sunday	Jun	June	545
2020-06-29	2020	6	2Q	1H	2020-06-01	2020-06-30	Mon	Monday	Jun	June	546
2020-06-30	2020	6	2Q	1H	2020-06-01	2020-06-30	Tue	Tuesday	Jun	June	547
2020-07-01	2020	7	3Q	2H	2020-07-01	2020-07-31	Wed	Wednesday	Jul	July	548
2020-07-02	2020	7	3Q	2H	2020-07-01	2020-07-31	Thu	Thursday	Jul	July	549
2020-07-03	2020	7	3Q	2H	2020-07-01	2020-07-31	Fri	Friday	Jul	July	550
2020-07-04	2020	7	3Q	2H	2020-07-01	2020-07-31	Sat	Saturday	Jul	July	551
2020-07-05	2020	7	3Q	2H	2020-07-01	2020-07-31	Sun	Sunday	Jul	July	552
2020-07-06	2020	7	3Q	2H	2020-07-01	2020-07-31	Mon	Monday	Jul	July	553
2020-07-07	2020	7	3Q	2H	2020-07-01	2020-07-31	Tue	Tuesday	Jul	July	554
2020-07-08	2020	7	3Q	2H	2020-07-01	2020-07-31	Wed	Wednesday	Jul	July	555
2020-07-09	2020	7	3Q	2H	2020-07-01	2020-07-31	Thu	Thursday	Jul	July	556
2020-07-10	2020	7	3Q	2H	2020-07-01	2020-07-31	Fri	Friday	Jul	July	557
2020-07-11	2020	7	3Q	2H	2020-07-01	2020-07-31	Sat	Saturday	Jul	July	558
2020-07-12	2020	7	3Q	2H	2020-07-01	2020-07-31	Sun	Sunday	Jul	July	559
2020-07-13	2020	7	3Q	2H	2020-07-01	2020-07-31	Mon	Monday	Jul	July	560
2020-07-14	2020	7	3Q	2H	2020-07-01	2020-07-31	Tue	Tuesday	Jul	July	561
2020-07-15	2020	7	3Q	2H	2020-07-01	2020-07-31	Wed	Wednesday	Jul	July	562
2020-07-16	2020	7	3Q	2H	2020-07-01	2020-07-31	Thu	Thursday	Jul	July	563
2020-07-17	2020	7	3Q	2H	2020-07-01	2020-07-31	Fri	Friday	Jul	July	564
2020-07-18	2020	7	3Q	2H	2020-07-01	2020-07-31	Sat	Saturday	Jul	July	565
2020-07-19	2020	7	3Q	2H	2020-07-01	2020-07-31	Sun	Sunday	Jul	July	566
2020-07-20	2020	7	3Q	2H	2020-07-01	2020-07-31	Mon	Monday	Jul	July	567
2020-07-21	2020	7	3Q	2H	2020-07-01	2020-07-31	Tue	Tuesday	Jul	July	568
2020-07-22	2020	7	3Q	2H	2020-07-01	2020-07-31	Wed	Wednesday	Jul	July	569
2020-07-23	2020	7	3Q	2H	2020-07-01	2020-07-31	Thu	Thursday	Jul	July	570
2020-07-24	2020	7	3Q	2H	2020-07-01	2020-07-31	Fri	Friday	Jul	July	571
2020-07-25	2020	7	3Q	2H	2020-07-01	2020-07-31	Sat	Saturday	Jul	July	572
2020-07-26	2020	7	3Q	2H	2020-07-01	2020-07-31	Sun	Sunday	Jul	July	573
2020-07-27	2020	7	3Q	2H	2020-07-01	2020-07-31	Mon	Monday	Jul	July	574
2020-07-28	2020	7	3Q	2H	2020-07-01	2020-07-31	Tue	Tuesday	Jul	July	575
2020-07-29	2020	7	3Q	2H	2020-07-01	2020-07-31	Wed	Wednesday	Jul	July	576
2020-07-30	2020	7	3Q	2H	2020-07-01	2020-07-31	Thu	Thursday	Jul	July	577
2020-07-31	2020	7	3Q	2H	2020-07-01	2020-07-31	Fri	Friday	Jul	July	578
2020-08-01	2020	8	3Q	2H	2020-08-01	2020-08-31	Sat	Saturday	Aug	August	579
2020-08-02	2020	8	3Q	2H	2020-08-01	2020-08-31	Sun	Sunday	Aug	August	580
2020-08-03	2020	8	3Q	2H	2020-08-01	2020-08-31	Mon	Monday	Aug	August	581
2020-08-04	2020	8	3Q	2H	2020-08-01	2020-08-31	Tue	Tuesday	Aug	August	582
2020-08-05	2020	8	3Q	2H	2020-08-01	2020-08-31	Wed	Wednesday	Aug	August	583
2020-08-06	2020	8	3Q	2H	2020-08-01	2020-08-31	Thu	Thursday	Aug	August	584
2020-08-07	2020	8	3Q	2H	2020-08-01	2020-08-31	Fri	Friday	Aug	August	585
2020-08-08	2020	8	3Q	2H	2020-08-01	2020-08-31	Sat	Saturday	Aug	August	586
2020-08-09	2020	8	3Q	2H	2020-08-01	2020-08-31	Sun	Sunday	Aug	August	587
2020-08-10	2020	8	3Q	2H	2020-08-01	2020-08-31	Mon	Monday	Aug	August	588
2020-08-11	2020	8	3Q	2H	2020-08-01	2020-08-31	Tue	Tuesday	Aug	August	589
2020-08-12	2020	8	3Q	2H	2020-08-01	2020-08-31	Wed	Wednesday	Aug	August	590
2020-08-13	2020	8	3Q	2H	2020-08-01	2020-08-31	Thu	Thursday	Aug	August	591
2020-08-14	2020	8	3Q	2H	2020-08-01	2020-08-31	Fri	Friday	Aug	August	592
2020-08-15	2020	8	3Q	2H	2020-08-01	2020-08-31	Sat	Saturday	Aug	August	593
2020-08-16	2020	8	3Q	2H	2020-08-01	2020-08-31	Sun	Sunday	Aug	August	594
2020-08-17	2020	8	3Q	2H	2020-08-01	2020-08-31	Mon	Monday	Aug	August	595
2020-08-18	2020	8	3Q	2H	2020-08-01	2020-08-31	Tue	Tuesday	Aug	August	596
2020-08-19	2020	8	3Q	2H	2020-08-01	2020-08-31	Wed	Wednesday	Aug	August	597
2020-08-20	2020	8	3Q	2H	2020-08-01	2020-08-31	Thu	Thursday	Aug	August	598
2020-08-21	2020	8	3Q	2H	2020-08-01	2020-08-31	Fri	Friday	Aug	August	599
2020-08-22	2020	8	3Q	2H	2020-08-01	2020-08-31	Sat	Saturday	Aug	August	600
2020-08-23	2020	8	3Q	2H	2020-08-01	2020-08-31	Sun	Sunday	Aug	August	601
2020-08-24	2020	8	3Q	2H	2020-08-01	2020-08-31	Mon	Monday	Aug	August	602
2020-08-25	2020	8	3Q	2H	2020-08-01	2020-08-31	Tue	Tuesday	Aug	August	603
2020-08-26	2020	8	3Q	2H	2020-08-01	2020-08-31	Wed	Wednesday	Aug	August	604
2020-08-27	2020	8	3Q	2H	2020-08-01	2020-08-31	Thu	Thursday	Aug	August	605
2020-08-28	2020	8	3Q	2H	2020-08-01	2020-08-31	Fri	Friday	Aug	August	606
2020-08-29	2020	8	3Q	2H	2020-08-01	2020-08-31	Sat	Saturday	Aug	August	607
2020-08-30	2020	8	3Q	2H	2020-08-01	2020-08-31	Sun	Sunday	Aug	August	608
2020-08-31	2020	8	3Q	2H	2020-08-01	2020-08-31	Mon	Monday	Aug	August	609
2020-09-01	2020	9	3Q	2H	2020-09-01	2020-09-30	Tue	Tuesday	Sept	September	610
2020-09-02	2020	9	3Q	2H	2020-09-01	2020-09-30	Wed	Wednesday	Sept	September	611
2020-09-03	2020	9	3Q	2H	2020-09-01	2020-09-30	Thu	Thursday	Sept	September	612
2020-09-04	2020	9	3Q	2H	2020-09-01	2020-09-30	Fri	Friday	Sept	September	613
2020-09-05	2020	9	3Q	2H	2020-09-01	2020-09-30	Sat	Saturday	Sept	September	614
2020-09-06	2020	9	3Q	2H	2020-09-01	2020-09-30	Sun	Sunday	Sept	September	615
2020-09-07	2020	9	3Q	2H	2020-09-01	2020-09-30	Mon	Monday	Sept	September	616
2020-09-08	2020	9	3Q	2H	2020-09-01	2020-09-30	Tue	Tuesday	Sept	September	617
2020-09-09	2020	9	3Q	2H	2020-09-01	2020-09-30	Wed	Wednesday	Sept	September	618
2020-09-10	2020	9	3Q	2H	2020-09-01	2020-09-30	Thu	Thursday	Sept	September	619
2020-09-11	2020	9	3Q	2H	2020-09-01	2020-09-30	Fri	Friday	Sept	September	620
2020-09-12	2020	9	3Q	2H	2020-09-01	2020-09-30	Sat	Saturday	Sept	September	621
2020-09-13	2020	9	3Q	2H	2020-09-01	2020-09-30	Sun	Sunday	Sept	September	622
2020-09-14	2020	9	3Q	2H	2020-09-01	2020-09-30	Mon	Monday	Sept	September	623
2020-09-15	2020	9	3Q	2H	2020-09-01	2020-09-30	Tue	Tuesday	Sept	September	624
2020-09-16	2020	9	3Q	2H	2020-09-01	2020-09-30	Wed	Wednesday	Sept	September	625
2020-09-17	2020	9	3Q	2H	2020-09-01	2020-09-30	Thu	Thursday	Sept	September	626
2020-09-18	2020	9	3Q	2H	2020-09-01	2020-09-30	Fri	Friday	Sept	September	627
2020-09-19	2020	9	3Q	2H	2020-09-01	2020-09-30	Sat	Saturday	Sept	September	628
2020-09-20	2020	9	3Q	2H	2020-09-01	2020-09-30	Sun	Sunday	Sept	September	629
2020-09-21	2020	9	3Q	2H	2020-09-01	2020-09-30	Mon	Monday	Sept	September	630
2020-09-22	2020	9	3Q	2H	2020-09-01	2020-09-30	Tue	Tuesday	Sept	September	631
2020-09-23	2020	9	3Q	2H	2020-09-01	2020-09-30	Wed	Wednesday	Sept	September	632
2020-09-24	2020	9	3Q	2H	2020-09-01	2020-09-30	Thu	Thursday	Sept	September	633
2020-09-25	2020	9	3Q	2H	2020-09-01	2020-09-30	Fri	Friday	Sept	September	634
2020-09-26	2020	9	3Q	2H	2020-09-01	2020-09-30	Sat	Saturday	Sept	September	635
2020-09-27	2020	9	3Q	2H	2020-09-01	2020-09-30	Sun	Sunday	Sept	September	636
2020-09-28	2020	9	3Q	2H	2020-09-01	2020-09-30	Mon	Monday	Sept	September	637
2020-09-29	2020	9	3Q	2H	2020-09-01	2020-09-30	Tue	Tuesday	Sept	September	638
2020-09-30	2020	9	3Q	2H	2020-09-01	2020-09-30	Wed	Wednesday	Sept	September	639
2020-10-01	2020	10	4Q	2H	2020-10-01	2020-10-31	Thu	Thursday	Oct	October	640
2020-10-02	2020	10	4Q	2H	2020-10-01	2020-10-31	Fri	Friday	Oct	October	641
2020-10-03	2020	10	4Q	2H	2020-10-01	2020-10-31	Sat	Saturday	Oct	October	642
2020-10-04	2020	10	4Q	2H	2020-10-01	2020-10-31	Sun	Sunday	Oct	October	643
2020-10-05	2020	10	4Q	2H	2020-10-01	2020-10-31	Mon	Monday	Oct	October	644
2020-10-06	2020	10	4Q	2H	2020-10-01	2020-10-31	Tue	Tuesday	Oct	October	645
2020-10-07	2020	10	4Q	2H	2020-10-01	2020-10-31	Wed	Wednesday	Oct	October	646
2020-10-08	2020	10	4Q	2H	2020-10-01	2020-10-31	Thu	Thursday	Oct	October	647
2020-10-09	2020	10	4Q	2H	2020-10-01	2020-10-31	Fri	Friday	Oct	October	648
2020-10-10	2020	10	4Q	2H	2020-10-01	2020-10-31	Sat	Saturday	Oct	October	649
2020-10-11	2020	10	4Q	2H	2020-10-01	2020-10-31	Sun	Sunday	Oct	October	650
2020-10-12	2020	10	4Q	2H	2020-10-01	2020-10-31	Mon	Monday	Oct	October	651
2020-10-13	2020	10	4Q	2H	2020-10-01	2020-10-31	Tue	Tuesday	Oct	October	652
2020-10-14	2020	10	4Q	2H	2020-10-01	2020-10-31	Wed	Wednesday	Oct	October	653
2020-10-15	2020	10	4Q	2H	2020-10-01	2020-10-31	Thu	Thursday	Oct	October	654
2020-10-16	2020	10	4Q	2H	2020-10-01	2020-10-31	Fri	Friday	Oct	October	655
2020-10-17	2020	10	4Q	2H	2020-10-01	2020-10-31	Sat	Saturday	Oct	October	656
2020-10-18	2020	10	4Q	2H	2020-10-01	2020-10-31	Sun	Sunday	Oct	October	657
2020-10-19	2020	10	4Q	2H	2020-10-01	2020-10-31	Mon	Monday	Oct	October	658
2020-10-20	2020	10	4Q	2H	2020-10-01	2020-10-31	Tue	Tuesday	Oct	October	659
2020-10-21	2020	10	4Q	2H	2020-10-01	2020-10-31	Wed	Wednesday	Oct	October	660
2020-10-22	2020	10	4Q	2H	2020-10-01	2020-10-31	Thu	Thursday	Oct	October	661
2020-10-23	2020	10	4Q	2H	2020-10-01	2020-10-31	Fri	Friday	Oct	October	662
2020-10-24	2020	10	4Q	2H	2020-10-01	2020-10-31	Sat	Saturday	Oct	October	663
2020-10-25	2020	10	4Q	2H	2020-10-01	2020-10-31	Sun	Sunday	Oct	October	664
2020-10-26	2020	10	4Q	2H	2020-10-01	2020-10-31	Mon	Monday	Oct	October	665
2020-10-27	2020	10	4Q	2H	2020-10-01	2020-10-31	Tue	Tuesday	Oct	October	666
2020-10-28	2020	10	4Q	2H	2020-10-01	2020-10-31	Wed	Wednesday	Oct	October	667
2020-10-29	2020	10	4Q	2H	2020-10-01	2020-10-31	Thu	Thursday	Oct	October	668
2020-10-30	2020	10	4Q	2H	2020-10-01	2020-10-31	Fri	Friday	Oct	October	669
2020-10-31	2020	10	4Q	2H	2020-10-01	2020-10-31	Sat	Saturday	Oct	October	670
2020-11-01	2020	11	4Q	2H	2020-11-01	2020-11-30	Sun	Sunday	Nov	November	671
2020-11-02	2020	11	4Q	2H	2020-11-01	2020-11-30	Mon	Monday	Nov	November	672
2020-11-03	2020	11	4Q	2H	2020-11-01	2020-11-30	Tue	Tuesday	Nov	November	673
2020-11-04	2020	11	4Q	2H	2020-11-01	2020-11-30	Wed	Wednesday	Nov	November	674
2020-11-05	2020	11	4Q	2H	2020-11-01	2020-11-30	Thu	Thursday	Nov	November	675
2020-11-06	2020	11	4Q	2H	2020-11-01	2020-11-30	Fri	Friday	Nov	November	676
2020-11-07	2020	11	4Q	2H	2020-11-01	2020-11-30	Sat	Saturday	Nov	November	677
2020-11-08	2020	11	4Q	2H	2020-11-01	2020-11-30	Sun	Sunday	Nov	November	678
2020-11-09	2020	11	4Q	2H	2020-11-01	2020-11-30	Mon	Monday	Nov	November	679
2020-11-10	2020	11	4Q	2H	2020-11-01	2020-11-30	Tue	Tuesday	Nov	November	680
2020-11-11	2020	11	4Q	2H	2020-11-01	2020-11-30	Wed	Wednesday	Nov	November	681
2020-11-12	2020	11	4Q	2H	2020-11-01	2020-11-30	Thu	Thursday	Nov	November	682
2020-11-13	2020	11	4Q	2H	2020-11-01	2020-11-30	Fri	Friday	Nov	November	683
2020-11-14	2020	11	4Q	2H	2020-11-01	2020-11-30	Sat	Saturday	Nov	November	684
2020-11-15	2020	11	4Q	2H	2020-11-01	2020-11-30	Sun	Sunday	Nov	November	685
2020-11-16	2020	11	4Q	2H	2020-11-01	2020-11-30	Mon	Monday	Nov	November	686
2020-11-17	2020	11	4Q	2H	2020-11-01	2020-11-30	Tue	Tuesday	Nov	November	687
2020-11-18	2020	11	4Q	2H	2020-11-01	2020-11-30	Wed	Wednesday	Nov	November	688
2020-11-19	2020	11	4Q	2H	2020-11-01	2020-11-30	Thu	Thursday	Nov	November	689
2020-11-20	2020	11	4Q	2H	2020-11-01	2020-11-30	Fri	Friday	Nov	November	690
2020-11-21	2020	11	4Q	2H	2020-11-01	2020-11-30	Sat	Saturday	Nov	November	691
2020-11-22	2020	11	4Q	2H	2020-11-01	2020-11-30	Sun	Sunday	Nov	November	692
2020-11-23	2020	11	4Q	2H	2020-11-01	2020-11-30	Mon	Monday	Nov	November	693
2020-11-24	2020	11	4Q	2H	2020-11-01	2020-11-30	Tue	Tuesday	Nov	November	694
2020-11-25	2020	11	4Q	2H	2020-11-01	2020-11-30	Wed	Wednesday	Nov	November	695
2020-11-26	2020	11	4Q	2H	2020-11-01	2020-11-30	Thu	Thursday	Nov	November	696
2020-11-27	2020	11	4Q	2H	2020-11-01	2020-11-30	Fri	Friday	Nov	November	697
2020-11-28	2020	11	4Q	2H	2020-11-01	2020-11-30	Sat	Saturday	Nov	November	698
2020-11-29	2020	11	4Q	2H	2020-11-01	2020-11-30	Sun	Sunday	Nov	November	699
2020-11-30	2020	11	4Q	2H	2020-11-01	2020-11-30	Mon	Monday	Nov	November	700
2020-12-01	2020	12	4Q	2H	2020-12-01	2020-12-31	Tue	Tuesday	Dec	December	701
2020-12-02	2020	12	4Q	2H	2020-12-01	2020-12-31	Wed	Wednesday	Dec	December	702
2020-12-03	2020	12	4Q	2H	2020-12-01	2020-12-31	Thu	Thursday	Dec	December	703
2020-12-04	2020	12	4Q	2H	2020-12-01	2020-12-31	Fri	Friday	Dec	December	704
2020-12-05	2020	12	4Q	2H	2020-12-01	2020-12-31	Sat	Saturday	Dec	December	705
2020-12-06	2020	12	4Q	2H	2020-12-01	2020-12-31	Sun	Sunday	Dec	December	706
2020-12-07	2020	12	4Q	2H	2020-12-01	2020-12-31	Mon	Monday	Dec	December	707
2020-12-08	2020	12	4Q	2H	2020-12-01	2020-12-31	Tue	Tuesday	Dec	December	708
2020-12-09	2020	12	4Q	2H	2020-12-01	2020-12-31	Wed	Wednesday	Dec	December	709
2020-12-10	2020	12	4Q	2H	2020-12-01	2020-12-31	Thu	Thursday	Dec	December	710
2020-12-11	2020	12	4Q	2H	2020-12-01	2020-12-31	Fri	Friday	Dec	December	711
2020-12-12	2020	12	4Q	2H	2020-12-01	2020-12-31	Sat	Saturday	Dec	December	712
2020-12-13	2020	12	4Q	2H	2020-12-01	2020-12-31	Sun	Sunday	Dec	December	713
2020-12-14	2020	12	4Q	2H	2020-12-01	2020-12-31	Mon	Monday	Dec	December	714
2020-12-15	2020	12	4Q	2H	2020-12-01	2020-12-31	Tue	Tuesday	Dec	December	715
2020-12-16	2020	12	4Q	2H	2020-12-01	2020-12-31	Wed	Wednesday	Dec	December	716
2020-12-17	2020	12	4Q	2H	2020-12-01	2020-12-31	Thu	Thursday	Dec	December	717
2020-12-18	2020	12	4Q	2H	2020-12-01	2020-12-31	Fri	Friday	Dec	December	718
2020-12-19	2020	12	4Q	2H	2020-12-01	2020-12-31	Sat	Saturday	Dec	December	719
2020-12-20	2020	12	4Q	2H	2020-12-01	2020-12-31	Sun	Sunday	Dec	December	720
2020-12-21	2020	12	4Q	2H	2020-12-01	2020-12-31	Mon	Monday	Dec	December	721
2020-12-22	2020	12	4Q	2H	2020-12-01	2020-12-31	Tue	Tuesday	Dec	December	722
2020-12-23	2020	12	4Q	2H	2020-12-01	2020-12-31	Wed	Wednesday	Dec	December	723
2020-12-24	2020	12	4Q	2H	2020-12-01	2020-12-31	Thu	Thursday	Dec	December	724
2020-12-25	2020	12	4Q	2H	2020-12-01	2020-12-31	Fri	Friday	Dec	December	725
2020-12-26	2020	12	4Q	2H	2020-12-01	2020-12-31	Sat	Saturday	Dec	December	726
2020-12-27	2020	12	4Q	2H	2020-12-01	2020-12-31	Sun	Sunday	Dec	December	727
2020-12-28	2020	12	4Q	2H	2020-12-01	2020-12-31	Mon	Monday	Dec	December	728
2020-12-29	2020	12	4Q	2H	2020-12-01	2020-12-31	Tue	Tuesday	Dec	December	729
2020-12-30	2020	12	4Q	2H	2020-12-01	2020-12-31	Wed	Wednesday	Dec	December	730
2020-12-31	2020	12	4Q	2H	2020-12-01	2020-12-31	Thu	Thursday	Dec	December	731
