shopper_id	gender	email_optin_flag
sh2557F5B1430BD4FC	F	1
sh29D9B7D3853A2939	M	0
shEBF4960B12E7C703	M	1
sh28A4AC72AC98F466	U	1
sh17A778B79C02280F	M	1
shA308D650FB03811D	M	0
shBE8A6C32C3AC714D	F	1
sh837A4D05A11149A7	F	1
sh62613619238AB5B0	F	1
sh9EA1404A44EBB86C	U	1
shF10E51FA8D315D54	M	1
sh78701D415B0EAC42	M	1
shFA949FC679AB40DE	F	1
sh07D684E0E28AF2F3	M	0
sh4773F9F9511C89E0	F	1
sh88B4908392B2AD6C	M	1
shAD54FAB146679385	M	1
sh4011339175ACDC05	M	1
shDC7109ED673DA862	F	1
shD07D23BC542C094C	M	0
sh126567035F6526A5	F	1
sh503B333A5262AE58	M	1
shF223D86187A0ECBA	M	1
shDD7C0931E464FC25	M	0
shE2579E5D2FE94C4D	F	1
sh2AAD8B9BE5BF40D6	F	1
sh405BE0D0E80E2CFD	M	1
shAA6F8A9DA7828FD0	F	1
sh78CF91E1BACE1518	M	1
sh389FE5050D400BE1	M	1
shC976F205E33C64F7	F	1
sh0F4117F3EBEB6E8A	M	0
sh15A2FFC89E8AF146	F	1
sh61B9B6C67ADF31DE	M	1
shD318083AEBB5000C	M	1
shFB80B9CA7A00995A	M	0
shE283A00FD45D8413	F	1
shC0A8B96B4E6D9293	F	0
sh6F9C8C4E2A6BD8C5	F	1
sh8AE54A638D4F6322	U	1
sh6A8A117660D48B8E	M	1
sh21C6A396C92E1380	M	0
shC9622322F4690C2B	F	1
sh790F97ADE7334FCE	F	0
sh6E67F2ADB497280B	F	1
sh35E2164B7D419038	M	1
sh6C5C04EA415C99DC	M	1
sh6AE82587016E177F	M	1
shAF4D396045311433	F	1
sh0DEAA69CC5CC5E91	M	1
shDFD34100F1263EB6	F	1
sh9FB5B63B213691D2	M	1
shEE2DA57968BFB634	M	1
sh90ACA16B1C10C298	M	1
shBD45BCC23B0FDAB0	F	1
shDAA30B64E570E5B5	F	1
sh0D6AB3C1ECCF2578	F	1
sh9E0718E54F956019	F	1
shC9AD11E0F8485C4E	M	1
shCB26C2715E81F17D	M	0
sh65D73B0B023B4771	M	1
shD7529A66A1A3FAD8	F	1
shDBAFDB4C44A35887	F	1
sh901D1DBBB3E9360E	F	0
sh8A58D0D32F446B8A	M	1
shDA7E240298F75BA8	M	1
sh5FD3010377903BEA	F	1
sh007D8D54ED7A1C8C	M	0
shB868AC2EE0942B4D	F	1
sh67FDD990A06BF661	F	0
sh17DE0D80499D2709	M	1
shE2099D51FD1FBE51	M	0
sh42060489F8B75B00	F	1
shD867A74158901265	M	0
sh609668E3EC32387C	F	1
shB346353F43F4A916	F	1
shF94DB42B07AD6622	M	1
sh90CD0B81DD42AFB4	M	1
sh667377F3D4124BB8	F	1
sh70B7FB61A311AD39	F	1
shAAC4F20CBC03E02F	M	1
shFEEDE504FBC0F221	U	1
sh857092550B443723	M	1
sh473B15B6EBA9AFF8	M	1
sh143C49894C2564C8	F	1
sh166C7A83E1D26266	M	1
sh9C53867352722985	F	1
sh4488C8F2084E88EE	M	1
sh23ACA2267927E94E	M	1
sh34E042B188555F84	M	0
sh49AC5B8ECD164BCF	F	1
sh0BA98E4BC5EF0E6E	F	1
shA2A22F0C199C2ADC	F	1
sh973D46A96D1FCA88	M	1
sh8432C74FD79457D0	M	1
sh666B93EBD6CB3955	M	0
sh02F41A2285F871C3	F	1
sh88408EC930712748	F	1
shE33018BCEAAA411C	M	1
sh4E423F340EA1E712	M	1
shAB69CF6A9A91F585	M	1
shD3F243BADFE0CF6A	M	1
shB33CB5E43AF6D402	F	1
sh1357A7404D477D62	F	1
sh1FB7A3780C28275A	F	1
sh979303240DEA34D3	M	1
sh0AFF9F68D5DEBBFE	M	1
shEE37E31BE8EC402C	M	0
shCC9B11378276B221	F	1
sh896336C4A69C7E55	M	0
sh20A26BDC95311F1F	F	1
sh3AD9443427D8E9F4	U	1
sh5B4D5BCF28F6DAB2	M	1
sh8ABC154714CDCCC2	M	0
shEFC98AF9696BC144	F	1
sh651B1397F95AEB23	M	0
sh0B3D5010F2B53359	F	1
sh45FA5EFF09A3B7E5	M	1
sh83CDC72CED9953B7	M	1
sh0DEA1ED1F3F5EF8B	M	0
sh57FC4BFAC833D2C7	F	1
sh126DE4B6A24258E2	F	0
sh413FBACD31AD4160	F	1
sh3749850A9BA46BB7	U	1
sh63A97303C726AD46	M	1
sh2AF2699F9D27373F	M	0
sh104FBAF388045D0C	F	1
shB7014893F4F068AF	M	0
shC51D9ED1ABFA3715	F	1
sh62BFB39FC9824158	F	1
sh505896C585C407C2	M	1
shF99CB11E650B1FCE	M	1
sh00A046B31A71AD5C	F	1
sh2E00F179CBA98A12	M	1
sh4E76383721B3CDDD	F	1
shFD0E7A8ED373E964	M	1
sh6979F54EDE805F37	M	1
sh1987CDF4AADA1741	M	1
shB602AB4B940B139E	M	1
sh0F8A1D00224650ED	F	1
shC52A138130449E13	F	1
sh71F3803A690BB0DF	U	1
shFFD77B43F6FFFFF6	M	1
sh7A145D8AFC2DE339	M	1
sh42DBDEDB38051C65	F	1
sh64E28CC5C586A948	F	0
sh2BEEBC2636F9DFB0	F	1
shE4D792D483A284C8	F	1
sh113E42C4F01484F9	M	1
sh50FA391C2F0791FE	M	1
sh8529E6876D5C7B75	M	1
shDA61C3C334D7FC10	F	1
sh531E80DB879E87D5	F	1
sh683F38AEC47974B0	M	0
sh4BA7AC257EFCCE90	M	1
sh42934AA74B0B8446	M	1
sh12A049894B702B94	M	1
shDF215EC76F37D671	F	1
shC7B93A6E004D3CE5	M	1
sh880E3F7DFCEA49A1	U	0
shC30645761C9595E3	M	1
sh315E6572CF776679	M	0
shA96C6EB85BF7F45D	F	1
shD3DBA6023450A5AD	F	0
sh45084F2A08BA193E	M	1
shC0B219DE0A486A79	F	1
shC67575C935045549	M	1
sh65A33087403B0344	M	0
sh543D731FAE96BB6B	F	1
shE349F5D1A6CAA66D	F	1
sh09B6B05F67622096	M	1
sh98756C9949684680	M	1
sh333F5E4B7EC4343D	M	1
shD5EFD99EE452D9C1	M	0
sh5FC690DF56FC2104	F	1
sh59D1B85B91FFA9A8	F	1
shB341CCA5A0F8A78C	F	1
sh6217E9B4A07EF642	F	1
sh9CD4EEF746697332	M	1
shE1027129B49CD158	M	0
shB52CAEF603097D30	M	1
shDED789E27E2FF68A	F	1
sh71E4EAF7CEF51DD6	F	1
sh6FA5CB7C04F4FFC6	M	1
sh0F2C79906BC39998	M	1
shC0D1F665277161A2	M	0
sh1935A72EEA38B799	F	1
sh161B7DAFC0936031	F	1
sh899D138B75FE6232	M	1
sh2BAC56EF36DE737F	F	1
shF3CE240983177146	M	1
sh591070A663B72109	M	1
shACB7522A77C63EC6	F	1
sh07CEDB70DEC9E4E0	F	0
shF7694808757C1A8B	F	1
sh56265E097F36EAD0	U	1
sh758E5961A676255C	M	1
sh59ADCF7020946784	M	1
sh43C3A15E7AAB4AA9	M	1
sh9E71EADE360CF712	F	0
sh5EFB34E172518B98	F	1
sh5868524FB08B0F1F	F	1
shCC1AA6E183DF22C5	M	1
shF14607E558C72F02	M	1
sh859CFBD04B5BFB49	F	1
shE543F6975906806E	M	0
sh672C9F3579FDE772	F	1
sh0648CB8E97ADF8F5	M	1
sh6A96AD056DF742C0	M	1
sh4361229495F21541	M	1
sh72C7D070ED07DEDC	F	1
sh5F88BB8660314148	F	0
sh8B5F809DCCE52EAC	F	1
shAE4470F6211DDEB2	U	1
sh2B6531378A56086D	M	1
sh9732EAFA60A48C6C	M	1
shA4F0F80D16A99254	M	1
sh313076624B3CD469	F	0
shE90A22D25099FC7F	F	1
sh142CF375C1670A9B	M	1
sh8ED12EB7B931C6F2	M	1
sh39B7AD73BED8A51D	M	1
shB30F20C9C007C644	M	1
shA5BE65995A0D317C	F	0
shD24B8F056FDF71AA	F	1
sh0E98D267A4B6AC41	M	1
shA0A2198B979D28D4	M	1
sh14246A61A33427AD	M	1
sh34DE161B9DE5056F	F	1
shF1C20F8D9036BB93	F	0
sh2D2E123AD81A1247	F	1
sh7DC94951011F98AF	U	1
shC72FC5180370EE08	M	1
sh3B9A517D0D3ED172	M	1
sh561B6295B75861C9	F	1
shAFC3B8BE6FD583CD	F	0
shDA36480C4C099817	F	1
shD1C76D73AB14DF28	F	1
sh92E3170855408B0F	M	1
sh46E8E29763702F78	M	1
sh9DFC2C52860B6B02	F	1
sh2825C78EC6021573	F	1
sh1B046B42BABCDBF2	F	1
shF251DE9A624DA326	M	0
shBBDFCA637467E604	M	1
sh4BE084146484EDB8	M	1
shA64F6E436E8523B3	M	1
shAB048EBAAFDA6F45	F	1
shFF9E666D04A23DBF	F	1
sh9C2A3269727D87C9	M	0
shE9D2F33532082724	M	1
shF8286240E77F604F	M	1
sh720EF3A976CC3BE7	F	1
shC375D28E57A2CA3B	M	1
sh2A5E3C53CCA3EEBC	F	1
sh7F10E3AAF683F37D	U	1
sh543AA6A7A33CB5A8	M	1
shCFFEE66E962811E3	M	1
shC69C174204C8E051	F	1
sh5F6D0510E8C80E8D	F	1
sh1F3A4D58E8DCEF37	F	1
shC3B8B5BD7B61C455	M	1
shE1F9DF0271424EAF	M	1
sh9E646D32F96EEF17	M	0
sh136A6DE1DB258899	F	1
sh4C4AD63604A04407	M	0
sh5AEAFBD5A9FAD703	F	1
sh679862DCF036C8D5	U	1
shA87145A046A89C0D	M	1
sh03600A6FC075F573	M	1
shD21D5B109C4417E0	F	1
sh680C335F4E9C8D01	F	1
sh5239E01932B04BC8	F	1
sh94BCBAB4CA27BE54	F	1
sh4B333392BF78C410	M	1
sh0C09A58EBB7D4751	M	1
sh75DC5ADE55B23A52	F	1
shC03B621FBBCF6B22	F	0
sh01ABADEDBAB1DAC0	F	1
sh5A97EAA1FD4377AA	M	1
shC4678F0C859DEBA3	M	1
sh165EF2F31DFE68F7	M	1
sh51F0079185F51F29	F	1
sh069CEDB897B707A5	F	1
shB5B713F02F6F803E	M	1
shE5AB97B93100DC67	U	1
sh39887122A8F533DC	M	1
shA56C7EF7E6316305	M	1
sh357EC9E5714BAED9	F	1
shE090DD175C897B36	F	1
shA5D336C3E8FB3872	F	1
sh4E1663AEC0B00C54	F	1
shF09998809E4014A5	M	1
shEF08D360090B03FF	M	0
sh6B51E25EDC8E8ADD	F	1
sh6A21A69D7B8537ED	M	0
shE46FA4AEBF84C918	F	1
shCE8323D748834817	M	1
sh88B1BA12FA8FB64B	M	1
sh94EC035888D1E590	M	0
sh58B122AFCAA9988D	F	1
shF8987CD1CCFA24EA	F	0
shB3B28BBB6F711EFF	F	1
sh666E89A2CA19D5D6	U	1
shB6A98282DA294B34	M	1
sh89822B2736943EB8	M	0
sh86E495AFE71CB05E	F	1
shC31C4C2FABE0A3FD	F	1
sh3684A7599F540F7C	F	1
sh5B4D139F65019345	M	1
shD099AA5ECED6437D	M	1
sh195B5BE516C866C0	M	0
shB98D14045D54B2A6	F	1
sh97B5E98C526E6ED8	F	0
sh6EFD2BCA2A8B40B3	F	1
sh7535989F6AC71F20	M	1
sh53996293D282873F	M	1
shCE3AD0CB9D9F44A1	M	1
shE541D17BB1D36F22	M	1
shE137BF867E1C7022	F	1
shCF0890B10D58AA77	F	1
sh2291BAA6B6592559	F	1
sh942782CF827E2D1E	M	1
shAA5B495730845D6C	M	1
shE2683766199598D2	F	1
sh4F02184A7562D085	F	0
sh6ADCD4244D9F79D8	F	1
sh2FC74F98B897B5CD	U	1
sh492BB655F4A558DB	M	1
shEFB5826AC5F2947A	M	0
sh183B5A6F966B095F	F	1
sh0F9A377752AF4768	F	1
sh57E4C74D51879C10	F	1
shE9FC19F6FF48201C	M	1
shB1F5C33E6A1343FD	M	1
sh829EEE968EE7E99F	M	1
sh8C7C8C3F1E95EF01	M	1
sh106E525A84A30459	F	0
sh11D78D8663468312	F	1
sh4C6A67E35B36113B	M	1
sh49FD57B136374728	M	1
shA3981978DFB4D6FB	M	1
sh8721410325AED593	F	1
sh6A6A3A36F33DCA90	M	1
sh1CD5BE25CBF447DC	F	1
sh47D58B0891202130	U	1
sh57130BA8CFF7C90D	M	1
sh4A2C146DF7738479	M	0
sh54DC3A6DDD108A60	F	1
sh863E00B62A3CCABB	F	1
sh49442AB691F14D14	M	1
shC4EB18F3F15589C4	F	1
shB0D06E312D46354E	M	1
shD172F18D5D783F70	M	0
sh559B3C3EAF2A9846	F	1
sh99309E1E800D190E	F	1
shAF5D8848B67B4BEE	F	1
sh54D078BD1E768D96	M	1
sh74E12D4EE4F0668E	M	1
sh939276EFBFFCC902	F	1
sh36D20BC8F23960A0	F	0
shB7F3C2F7D040A20F	F	1
sh97D75C2EFE90D90C	U	1
sh0BF244287B403460	M	1
shE1A4D74A4BA2ABD7	M	1
sh2DF4AA5963304450	F	1
shE7136B8D349ABB68	F	1
sh1816DA12C070EEB5	F	1
sh7EBB8792524FF663	F	1
sh85225D1423E6A9D7	M	1
shF497D975F6A48EB5	M	1
shD4B185296CBF4108	F	1
sh7CC38EB1654C73E9	M	0
sh140257B47A3A9EED	F	1
sh0A68162FA1D830D6	M	1
sh250B863BF9E5840D	M	1
sh8EE41FF507508BE2	M	1
shDFD0C330FD3AA965	F	1
sh242513BBBA476CE0	F	1
shBDC4F40677756970	M	1
sh99100DB4A2970E99	U	1
sh4E63577D750E6278	M	1
shE3CAB13CE28FD392	M	0
sh340C454D75A37397	F	1
sh19D2DDB68689A4E9	F	1
sh43741707535008B5	F	1
sh437FEB1B87A00570	M	1
sh352BFE0D3ED7BBB3	M	1
sh03B9C2C7E6AF960F	M	1
sh52788C1C4A2FD788	F	1
shAA10E971E9B26768	F	0
shB678C9CB5B3C02D0	F	1
sh2B25E35F22D9055A	U	1
sh6091F2E7278D1D45	M	1
shACEA97AEAFEB0D28	M	1
shB7BB58D134135583	F	1
sh21583E9B249CE123	F	0
sh60177E2A36E23FBA	F	1
sh347F07FAB2D9FAF9	F	1
sh47407E82536408CE	M	1
sh74E1F83E37489011	M	1
sh5BDA9D3E492E38C3	M	1
sh1CE10A7FE8084D79	F	0
sh3C0618E335B241F9	F	1
sh430B428A947FF77C	M	1
sh353C35CF18FDAC66	M	1
shA9099FCF9FF3F944	M	1
shC04FF6D014EAB91E	F	1
sh596F5FE9ED6C8988	F	0
sh2FAC4CECBD73D624	F	1
shA933C0E3185466B6	U	1
sh428602DD6974F3E3	M	1
shDBF9B134527F2404	M	1
sh5F90D313A1128AE3	F	1
sh2E30943813F9B37D	F	0
sh860131EB50BFCFE5	F	1
sh37E9C43E31FAB718	M	1
shEB852F7E49E1CD09	M	1
shA8991E916989C5F5	M	1
shCB60509F151A7859	F	1
sh5706BCE90FE56CC4	F	1
sh92E566453C8F4DC6	F	1
shD78A8C7FE74C8B5B	F	1
shDD9CE43A2F3ED675	M	1
sh26892B578A446FBF	M	1
sh349B4BD5D65ABEB7	F	1
sh0D827DF4C071F08E	F	0
shBA639443FB546DF5	F	1
shE205B13D990A79BF	U	1
sh10ACFE5CB5BA1038	M	1
sh36FC5FB82DDF3598	M	1
sh44EA52FFE9AAF0B8	F	1
sh597E51415CE99984	F	1
shFA73FC28B034DFA0	F	1
shB7CBEAA1E09C06C7	F	1
sh238593F5150A1E19	M	1
shAB2E9335B9B5D860	M	0
shC20BF34E10FFA476	M	1
sh52AE704DDD4E2D51	F	1
sh8202BC12F960DFF2	F	1
shF2A3D75FBC4310BC	M	1
shC9959D60EAA11DCC	M	1
shC9676943442033DB	M	1
sh51F201F4226CF358	F	1
sh89AF97D0C299020D	F	1
shFD5DD5C4F3F8FF82	F	1
shA3C1C00C14232B1A	F	1
sh0E1D270CE491C287	M	1
sh1465307D3C3C9272	M	1
sh58261AD8F612AFEF	F	1
shA4ECFF37A7C23C35	F	1
sh2AA7C794FF713523	F	1
shEC078F49421186CD	U	1
sh9C78D375E5A1C5F7	M	1
sh03BF4AEF19C04DD0	M	1
shE87A33E87CEE8D75	F	1
shCBAFA833DA1CE3FE	M	1
shC6DD196FA4497DAC	F	1
sh9C7DEAC53FF4D26B	M	1
sh9CFE5957A31BE633	M	1
sh15E3DAD081C6F624	M	0
sh08055C98A7C25893	F	1
shE8C8B951FC196443	F	1
shCCCE30F0F06D8826	F	1
shB57D1AB6F04A36DF	F	1
shF1D1A6A756B0542F	M	1
sh9CD6FF802C9A041C	M	0
shDE01D2539BDE78CB	F	1
sh4DF6382144C15A40	F	1
sh5731C5089FF42770	F	1
shFAF2251A4E7DA858	U	1
shA2F71AE2EC533528	M	1
sh1C54A4E7B4E0470B	M	1
shDAFDCF6D9FCB8A5D	F	1
sh32676BF6587085B0	M	1
sh1977B61FB2E23398	F	1
sh409CD7C5B6EA1BB6	F	1
sh091613055E4F7B8F	M	1
sh63488914892F304F	M	1
sh1D1200B93B91D43D	F	1
sh00E61A47BBE924FA	F	1
shBD81D4425977054C	F	1
sh2335424B1850A244	M	1
sh7BBAB1A88352315E	M	1
sh3F718B9FEDF4E737	M	1
shBD4A386A1D066EAC	F	1
sh741857CAD614686A	F	1
sh889146805B5E2862	F	1
sh4F6932A93BD5B134	F	1
sh94002AD1705D0F97	M	1
shC0133E7621AF5A0A	M	1
sh760D8DCBE44BD132	F	1
sh959014AA235A21DD	F	1
sh6AD342D5D9BFB5D6	M	1
sh8ACD8AB01A91B47A	U	1
shFF739A1F503149F0	M	1
shBC9735413FD77435	M	1
sh5B67EA34C56FE5E2	F	1
sh193BB4DC18D4EAE1	F	1
sh13B579B6026D980A	F	1
shE073EEE6269E3977	F	1
sh5494E75F020CA13C	M	1
sh4EED646721781251	M	1
shEE571B0FFEF660C5	F	1
shBB94CBF6A3C391DF	F	1
sh7878DA14E7674EFE	F	1
shA706235A5BA899DF	M	1
sh0233D3F11379C127	M	1
sh8CF12D316B02BF74	M	1
sh18D2C9B6699FFADD	F	1
sh9BB8E7D5118F782D	F	1
shE1265217AE9A4503	F	1
sh6FC04C506F0619FE	U	1
sh1C518FC93DDBA413	M	1
sh080FAC37891E4702	M	1
sh0D82EDF29CD90935	F	1
sh3AFEAB80346DA428	F	1
sh30EBA756218A7409	M	1
sh063B1A484FA81D72	F	1
sh6E9DEAF3D21E505B	M	1
shB974B33FE2886EBB	M	0
sh887946EDB191FEAF	F	1
shB346F362F3CD518A	F	1
shD5BD83BC96B07EFC	F	1
sh62C1E4BCBFD999FD	M	1
sh91336D3EEFACFC14	M	1
sh8C2AB5409825B9BB	M	0
shABAAC6A8C1E238E4	F	1
shD83B5E47515875D5	F	1
shF994C15406A9959C	F	1
sh4A63139272511433	F	1
sh8FAE36CBC9252B41	M	1
shEE719837006CF2A9	M	1
sh35DE586D16810309	F	1
sh0969860237CEFFBE	F	1
sh3F208F42AF1A8FE0	M	1
shF9A0ABCDB51912DE	U	1
sh41C321F36E07B562	M	1
sh9ED4657F612D3B77	F	1
sh24AE6CCBBC32D880	F	0
sh8ECA68AC43597F10	F	1
shDEA44EEEC4CDC647	M	1
shEA99738BABA67F5B	M	1
sh844D342A356580D1	M	1
sh25C7113D075B84A9	F	1
sh61470290490C70AD	F	0
sh85E815399F0BB3FC	F	1
shFA6627850336D022	F	1
sh3A21C598C378810B	M	1
sh764C43243F7A7CCC	M	1
sh0C86B030A7942279	F	1
sh5CA0F832586A2B89	F	0
shFED77D1C48D7DB19	F	1
sh0EA15EE2B9F05AF5	U	1
shE1A1D4DCC4E1F3F8	M	1
sh29E485E59D620552	M	1
sh7251B385C427AE9C	F	1
shDA56BE05057E657F	M	0
sh8F8E5CB5545897F4	F	1
sh5C189B4C8A91B5DB	F	1
shF3C843C7847A81DF	M	1
shF435D1E658DA5598	M	1
sh41AED75B7B24C67A	F	1
shA69E62C7818AE832	F	0
shD87B1881C7227139	F	1
shF184DF0A12589051	M	1
sh0A87C02F1C31557F	M	1
sh1C4033007B53BA95	M	1
sh53F53D3043983E69	F	1
sh1D53E062A732B4F3	F	0
shC855490262B462D4	F	1
sh22EE682CA6761AF0	F	1
shED6F0729DE8F548A	M	1
shFB571BB3249948BF	M	1
shAA54EE480F8A9BBF	F	1
shB48AB7905820EC60	F	0
sh98004BDC369566D6	M	1
sh8998137A70D0014C	U	1
shC47C9AAD8F6BBFD5	M	1
sh30B14E835A9C6214	M	1
sh514C96988A59C44F	F	1
sh089EFC3CDF7A3C9B	F	1
sh8900C0813B8D7E21	F	1
sh2F8D2015D44118B5	F	1
shAA11D19A8EC7DF51	M	1
sh28AB10D0ABD98042	M	1
shB0EEBDF49FF54B0C	F	1
sh419203687D04BD3B	F	1
shD938534F0654D225	F	1
sh3A1B8CC7714C19F7	M	1
shFAC2B45DDBB4CFE2	M	1
shE39E5B2A0CA0F505	M	1
sh6FE148088276EF21	F	1
sh71B4A45468FEC2AE	F	0
sh0BCD1F883445B981	F	1
shE12C58BAA26D717D	F	1
sh63244FFB6C82D6C2	M	1
sh72824260FB4DF5EF	M	1
sh0CF3B1B49CEB1B25	F	1
sh0A22FBA5612366C6	M	1
shDDA40E34B61123EC	F	1
shBB20268F9489A7CD	U	0
sh975002A122166AD3	M	1
shF3F1CE781E4367DF	M	1
shC965750FA3634E26	F	1
sh9BDD238228BEB0A8	F	1
shC6C7922C3D18D9B6	F	1
sh916700ADBD756C01	M	1
sh61AE06FD944BB866	M	1
sh23EA161AFFA765E3	M	1
shEA468374A1813775	F	1
shDCFF98A7FBE27655	F	1
shD24692D3627DD869	F	1
shEDBEC0454A478410	U	1
sh0832D47A122FCF95	M	1
shC062338D49DF37B9	M	1
sh7823AA076BC6231A	F	1
sh56B40F14695CBAD8	M	1
sh7171FBF8F8E0D26C	F	1
shAB830C980048C12F	M	1
sh9AE194E28E111456	M	1
shC7389BD6048D69D5	M	1
sh03F89746BC3E47F6	F	1
sh255C265FC45E5691	F	1
shA377CA4C246D34C7	F	1
shF659A1FEA1537F6E	F	1
shF97523E6EA60C190	M	1
sh664013D0924CFA66	M	1
sh02BBEAD88464C7E3	F	1
sh3F5A0FD8DC117A4C	F	1
sh7DE1264954302470	M	1
sh449CE8615B2AB394	U	1
sh5DCBFCFC91CA75F4	M	1
sh95469C028778CFE0	M	1
shE1B2F5FC8FD3425E	F	1
sh6A28D668B049E787	F	0
sh8495892EE4728D83	F	1
shC23E24D2F6A78794	F	1
shBAEC68CD8449E086	M	1
sh3972FC6D919F2741	M	1
sh56853F3EC353AA86	F	1
sh8A6ADA10C5F99EB2	F	1
sh29748558EB29DCC2	F	1
sh686422A66FA924ED	M	1
shE62D5C7866E8D692	M	1
sh4F2DE3AE951A243A	M	1
sh6E2004F1799BD091	F	1
shC8DFC01A6D3A6A8B	F	1
sh732A5D6353A7CC05	F	1
shB4FADB9F14B0D55B	M	1
sh90E95CF5EE6BE556	M	1
sh8BA654A4B14952E9	M	1
shB7B258EC57A3EB3A	F	1
shB4217DA182DDA154	F	1
shA78EDB517A79B9C5	F	1
sh01F5CE65AE091A81	U	1
sh5FE7E9D060F2EAD7	M	1
sh00057C3EF253F587	M	1
shE7577A8FDB6DA34B	F	1
sh76C79E7668C0359B	F	1
shFC352A0648705C56	F	1
sh66CEABB63EBF0F67	M	1
sh49E162BC56D91E14	M	1
sh1606AD42D528DA1C	M	0
sh71EA3C6A238C3C14	F	1
sh5EC417853BA4FD62	F	1
shF403D006A37DAFF8	F	1
sh5E91A0609B32B5BE	U	1
sh3B636FF13A8878F9	M	1
sh0EEDDAAFEEDB0881	M	0
sh6BB8A3CC0855A94F	F	1
sh468F8D55C2D1F432	M	1
sh29BD2025DCDA607B	F	1
shAEAA98CA6D2DE01B	F	1
sh7756F12242D9D21B	M	1
sh95FCB586410DC36A	M	1
sh957132A74A0BE4BA	F	1
sh8B44F5748DAC847D	F	1
shFBFD8C02A0B023C3	F	1
shC59E97C4F23076DA	M	1
sh4CAE81DBEF2CAD38	M	1
shA6A3CFFE7172BE46	M	0
shF696943E2924AC66	F	1
sh8FBE7A616A8CDEDE	F	1
sh59E054BFDA68A7C9	F	1
sh79C4737442E73A0C	U	1
shA10166512977FE73	M	1
sh650AE6F7798700E1	M	1
shEBF5781888373773	F	1
sh84962D023F4DF0DE	F	1
sh05652AACD1E443E3	F	1
shA811B81156207A3E	M	1
sh0BA50890EAD10A9B	M	1
sh54B6183D3D1BAB3D	M	1
sh073665E39CD4DF42	F	1
sh0595E2B2FF9ACF03	F	0
shCAC9CF19D6835443	F	1
sh88917131693EB9F5	M	1
sh010A4B283A68AD95	M	1
sh3E8901F29FA15631	M	0
sh0D85BFDC98E9CB63	F	1
shE770FBED56317076	F	1
sh3682683373B6806A	F	1
shB3B8CEF0E1DD2D01	U	1
sh1A14DCE0E321235E	M	1
sh116341CF6E8DB79A	M	0
sh5FC5AD11D7190D45	F	1
sh46E4E73AAC426AB3	F	1
sh9E1310435B09B994	F	1
shF93FD25F57F24761	F	1
sh207824A367596B52	M	1
shF35FE26A0D7188FA	M	1
sh7E9630B89C36930E	F	1
sh41E3D42D1A5FF01B	F	1
shD456B68B3F7B3541	F	1
shA7B533FE1F49248D	M	1
sh7256CBC4275766F4	M	1
shC127DC517036A30B	M	1
shBD62F8C42E9E9E5B	F	1
sh41C14CA3A7CC1F22	F	1
shAA668C30DF50615A	U	1
shF911A355E3CA867E	M	1
shD8DD6B11934600A7	M	1
sh74F1AE33A355D4E6	F	1
sh71CCA2C307A0D377	F	1
sh102ACDD8F3E29F37	F	1
sh548767B2F9382C40	F	1
sh84D4EC4C5982F5EB	M	1
sh11B2F5884CD73C8E	M	0
shC892A0CB9E5EC12D	F	1
sh195477BA2ADE97B4	F	1
sh0EDDF58B10844D53	F	1
shB0E263DD75F255E1	M	1
shD6FF6CF4A413C30A	M	1
sh8C91ABF407FB5392	M	1
shF24A4AB0FC24DC86	F	1
sh004D280B65C318D6	F	1
shA7EA2EBE7F1296AF	F	1
shB744611B98136B3F	F	1
sh7F71126979FCBFC2	M	1
shF6106E82CDE0869A	M	1
sh0F8540DE450D8283	F	1
sh2812D919E1862BFA	F	0
shBE624816D311EC8B	M	1
sh7A45566E86F09C9E	U	1
shB4C19A446CC0C127	M	1
sh025B8E87AE873912	M	1
sh9C789DAFD283CE76	F	1
sh8A141D345869A536	F	0
sh0FEE253452C786D7	F	1
shCD3925A4C07C7359	F	1
sh8D5636075882A5B6	M	1
shA94CAD4E2308EDEE	M	1
sh945ACF0E6676EBFE	F	1
sh8153AAE6967EC57E	F	1
sh94AC59BAD53AFE8F	F	1
sh8AFD0BD053283537	M	1
sh25820F4A439AAA46	M	1
sh344CB62B30F8AD1C	M	1
shC5A2E18113B935F5	F	1
sh1B1FF062C71CAF30	F	1
shD358D62D5B9AE3CF	F	1
shC63C94542113517D	U	1
sh31C664C2C52D7C5F	M	1
sh3F52DBF9BB516293	M	1
sh3257880356B871B8	F	1
sh877E77AC62AD639A	F	1
sh9E512890C9933628	M	1
shBF6B3B38D628CEF8	M	1
sh6F17A015ACB6557E	M	1
shF109B50FFBEB4598	M	1
sh2E60046DF6550C3B	F	1
shAAA4B1FAA766C6CA	F	1
sh43F5505F22CD55C5	F	1
sh0D45C1F618D9B509	U	1
sh9464095C76F0BB9D	M	1
shA397E8E09C8828EA	M	0
sh42F381DA360C8E91	F	1
sh0D82097F9B42563D	F	1
sh4302FD3B1EEF3F0A	F	1
shD5AF2F15325C60E5	M	1
sh9E77A64A4A6A789A	M	1
sh178711F8FD42006B	M	1
sh66F4ED8CD73FB799	M	1
shEB25850B66579236	F	1
shF879AA8BE64E0021	F	1
sh8361078E7211E165	F	1
sh992CF92DC0401CFF	M	1
sh1037C405BDA5C129	M	1
sh8FB14188A8BEE0AF	F	1
sh7E3C3E6ACF27B7DF	F	1
sh9290974F254547B7	F	1
sh59BBE26AD0814554	U	1
sh9E5308D8FE5A80D2	M	1
shBCFA76853029D46F	M	1
shCA4ADF04D5D1D124	F	1
sh13C001ECE6C20AC1	F	0
shBDD1B4AF64AC7583	M	1
shE4BFF840C3865D99	F	1
shA8832D61B4CD343D	M	1
shFDF4FECD28989228	M	0
sh646A859C74429B32	F	1
sh5227C7FFE94633C3	F	0
shFC976FCD5F0A9529	F	1
shEFA308AE83EFB639	M	1
shB7F9FE11158ED367	M	1
sh9CAC71CCE1F8CEF4	M	0
shCF828A84002DE981	F	1
sh8EA9A1C052EEB257	F	0
sh428BF29867CAC2FD	F	1
sh66CCC98505D8850B	U	1
sh96A32CBF9DBFDED3	M	1
shDC2BA655ED2D791B	M	1
shEB44EA0D60918D55	F	0
shC948EC97A625DEDE	F	1
shBF2C455447CAB4C3	F	1
shBF6F5D77FD28CA7A	M	1
shE174593A03AA6231	M	1
sh7A57AFB465FE5FFC	M	1
sh6E86A4C062494926	M	1
sh02C5331EB21FFCB9	F	1
shB7E7E6B4EDA16DBC	F	1
sh89DFB3C15DBDEF2C	F	0
shE1FC178F90A691FD	M	1
shFD276A9AD860F509	M	0
sh82619B5513B197AB	F	1
sh38CACAB5B1F2E14C	F	1
shEFE9E813EBCF9DA2	F	1
shF7EE3A9559ECC094	U	1
sh5607CB530EBA0FD7	M	1
sh02574D6A85EC1CCD	M	1
shC178CDB3291C6572	F	1
shE6328B8760643111	F	0
sh2FA20B340661D212	F	1
shF26F908CAC79E932	M	1
sh2D887457C6A6C3EB	M	1
shD864989F159B0246	M	1
sh63684987D19E261A	F	1
sh4738944E930AAB41	F	1
sh663B4A126DC8AA11	F	1
sh0C1A2F666B8BAAD7	U	1
shB8A796FED4155DC3	M	1
sh49B0FCF5E67DB31A	M	1
sh6F5FAE495D7AB8A9	F	1
sh32035D0CAB362472	F	0
shCCA2C9D6373C19C2	F	1
shC3BC5EF9286F6E5A	F	1
sh10EB43DD8B4B22D9	M	1
shBE656DD2495DF4D5	M	1
shEE2829BFBABF0479	F	1
sh99756D7BD32FA6F0	F	0
sh2124AC1912E18847	F	1
shA0EE63B47D12B431	M	1
shBA502F1D5688E10C	M	1
shEE5DB785001606F8	M	0
sh9893EC048CC70293	M	1
sh9DF5FC38D7692F8D	F	1
sh0F3936EB8CA5DB7F	F	1
sh2501FC3037A2A2B3	U	1
sh7B1631D535E9909F	M	1
shE038CC1CA077ABE2	M	1
sh914F26AF74925B4B	F	1
shCC1BB932277DDA83	F	1
sh2B02705DF64A81F6	F	1
sh879217E16076D6A8	U	1
shE60CFC897DE0E0C5	M	1
sh65D61AFAA40E4152	M	1
sh8C5A2C38CF73AA04	F	1
shBE1CF806E9EB67B7	F	1
shE0A80FA631E9B823	F	1
sh245171F9D2C34EA9	M	0
sh07EB69FB8AC3E5A2	M	1
sh79025317D552FB3F	M	1
sh650CB89186AE9332	F	1
sh03F3ED211A627754	F	1
sh105DD1986DA980E2	F	1
sh413E1C51BA7386DE	U	1
sh70E73B4991D360A4	M	1
sh175BE535952F3A14	M	0
sh453F741056B4B761	F	1
sh924468395A0B0EF9	F	1
shC82EF346F3D1627D	M	1
sh06321DAD76CCACA8	U	1
sh142BEEA8B9CEA17B	M	1
shAE032595BD147DDC	M	1
shB9F208D42043B8B2	F	1
sh5803E4DF4EE65D45	F	0
sh2D9FA2D356B353D3	F	1
sh9813AFE3B95C10D6	M	1
shFA5122C465971F21	M	1
sh059C1A81EB658276	M	1
sh8A8FAC003114782A	F	1
sh4943390CDEE2734C	F	1
sh2F11A5CEB3FD9C6D	F	1
sh4235BE5663646288	U	1
shE970BE3444FD9ED1	M	1
shCC5632F3B703CBA4	F	1
shA4D1CECD7FB0FA19	F	0
shFBCDE9C8E29C1B46	F	1
sh5E8BDF8B775E29F9	F	1
shD251B43BEF6A28F7	M	1
sh1B600D89F2554661	M	0
sh211D848DCE5B8529	F	1
sh83B4F3D7160FA736	F	0
sh31119563B88A8B59	M	1
sh6C8747AD6B14C4BB	M	1
sh61CAF62584518377	M	1
sh68CFEC6F7CEE65AC	M	1
sh7B082CE4A541761E	F	1
sh9BB1B88E6751E4F2	F	1
shBA4242029E4E9D1A	F	1
sh7BFDD5144C853FD3	U	1
sh39150EA975968202	M	1
sh6F22100B4C3268C4	M	0
sh9928270A551AFFED	F	1
shDFB217F6175EFD54	F	1
shEB16CD9C5FE2245A	F	1
shED59A0A36B8F02F5	F	1
shF5366DA64AE6ADD3	M	1
shFC63304C97EA154B	M	1
sh1C43DFF556F7CB8D	F	1
shC0C6C8294599F532	F	0
shDE7FB5777CA8CD58	F	1
sh4F9159BCAC93031D	M	1
shE93756563D6D2CC1	M	1
shDD8771CA3219D992	M	1
sh1FBA1E024871887B	M	1
sh778035BADC130632	F	1
sh5FCC10B274C4A562	F	1
shC8E8CF4391E056E4	F	1
sh0597C2FAB01AD74A	M	1
sh6C80CE51658B520D	M	0
shC4FC8805507E790B	F	1
sh9892D64CC3B66DB5	F	1
shB0A584084B5434B0	F	1
sh455788EF37C811B3	F	1
sh3870FA260A56BA39	M	1
sh35D9F4279EE24BE8	M	1
shD2A380DD2F965345	F	1
sh4A448D0D31E58299	F	0
sh5AB21885AF6E0776	F	1
sh5820849F7BA7C95D	U	1
sh530973B3613DF909	M	1
sh88686D8AC7B2A727	M	1
sh2322A8EE2F10EEBB	M	1
sh6090063BDE886C85	F	1
sh994576AFA1B8B04D	F	1
sh6DACDA84777D4FF8	M	1
sh25C830D61F6D16E2	M	1
sh62EE91D1207A45E8	M	1
sh52B38F6C7BB20CA3	F	1
shFE38351D906AC2C9	F	0
sh1846BE5E4DB7F89F	F	1
sh5A8052D9342633D5	U	1
shBD00E1D4305C88FC	M	1
sh3B6D6FDAC231A75A	M	1
shFC8299C9DDCC1080	F	1
sh46B48A3E29FCCE9E	F	1
sh71E212B3CAAA3848	F	1
sh7BD77F5408B78E82	F	1
shC89C61348F1F2020	M	1
shFF6871917ED2EA14	M	1
sh59F87E77DA45AE11	F	1
sh700A7CECE1625DE5	F	0
shDC447B8EC3404B16	F	1
sh87BF1947FB40F343	M	1
sh8EC4E0E987B889E5	M	1
shE28A868F87B0A53D	M	1
sh3067AF9ECE3FC7AC	F	1
shD090773130E04103	F	1
sh602B4D98599F1BB4	M	1
shBBCACF2B24212584	F	1
sh56C52E291422DBFC	M	1
sh9117E1F85419D565	M	0
sh43C43203FCA476D4	F	1
shC5921D5754C7ACF1	F	1
shDF8E06649C334B86	F	1
sh3E6E2A71C5A6BE6A	U	1
sh90CDADA422F733DC	M	1
shC07C41CF14DB03E1	M	1
shAF86EF4EF673DEE8	F	1
sh0B470DA3D45A9CB7	F	0
shF1F7FCF67E58C03C	F	1
sh52CC36CE42978BF0	F	1
sh3EC97AE883A2B027	M	1
sh8A372EC8CFBB4537	M	1
sh35EA823658CA6720	F	1
sh2225F217CA8B995F	F	1
shC1FBD9A9BE5746F2	F	1
sh49BC86C694BA3C23	M	1
sh0B47C613B22037E5	M	1
sh32D05A25BB3172AA	M	1
shC566124ADBC9CFBF	F	1
sh697EAEC39F6C418F	M	1
sh2AE3B05BF0744F7F	F	1
sh00E565CBF9F6E6DA	U	1
sh56EE04379986F45D	M	1
sh6B7A380BB1B7580E	M	1
shD6CD3FE4161E06CC	F	1
sh62AA174D8CE47F76	F	1
sh782EE70A588FE747	F	1
sh1839A042F728C701	M	1
sh02628B98D975900A	M	1
sh4B5D109A864CB3C6	M	1
sh660FADD8781CFADE	F	1
sh8A8E14753B042334	F	1
shB88554E634B881F5	F	1
sh705120DD307079AB	F	1
sh1B60B5A7A1AE9E71	M	1
sh174171B809D5240D	M	1
shD99F5D7C393021FA	F	1
sh269B67FEA518127E	M	1
sh812B2AB460FD9CCB	M	1
sh80F31EC730911042	F	1
shEEE335FC10421096	F	1
shE41EF34B2CBC8AEB	M	1
sh2A8135F51E6A20F1	U	0
shF7DB5008C33D96AC	M	1
sh84090DEDE0702B26	M	1
shBDBD1E9E90B0CC5C	F	1
sh51B65E1E7DA2702E	F	1
sh322C4C5DB2F37A58	F	1
sh732AA92D1581703E	F	1
shA494C42DBC657178	M	1
shF47015CF44AFAE0F	M	1
sh7AF006AF1989F2F1	F	1
sh4B71A52BDE1E31F8	F	1
sh3594E57F65DCBD59	F	1
shB69AF743A67B9AD3	M	1
sh643E528D8C190C29	M	1
sh14DA44B0BA753D9B	M	0
shC3BE1063E6D102CE	F	1
sh26DF730CDB516CC4	F	1
sh01CD071C4C2B88B3	F	1
shB6CFEA3A31EA7F1A	U	1
sh279D1D516ED5DD07	M	1
sh1A950AC8770FF4D6	M	0
sh6446728C6263D84C	F	1
sh8407CF6B6A84E676	F	1
shF21DA78D04BB76CA	F	1
shF0A46A4141139EE7	M	1
shB07BF61BF075E8A5	M	1
sh14A0AD3163C5499B	F	0
sh6332587F87B0A85B	F	1
sh377A4D2E2A94B8B2	F	1
shE5166CAFDBC8AA27	M	1
shF1996F3D3E4F29A5	M	1
sh47050605F2B3AC07	F	1
sh55843F9A8E3BD7B0	F	1
sh4C250053B6E5C4D6	F	1
sh2234EB2133CA6DFC	U	1
shBE896E34DA3764E8	M	1
shD369E7DB66C92714	M	1
shB7EF9AB42109DD34	F	1
shAA647EDBBB2B6F2D	F	1
sh29484B0C3D467FCB	F	1
sh292FF4463DB820AF	M	1
shC51BF56FDE2D8429	M	1
sh56010453EC2ACE97	M	1
sh0EB720E1B5739E03	F	1
sh9E23DBA85B8F9B81	F	0
shC88E8E315B9DAD37	F	1
shD85906D85317CBA2	F	1
shE43640D401811ED3	M	1
sh341DE0C924A57B3D	M	1
sh727B59229FB358C6	F	1
shC620412B2FB237B1	F	1
shE826D46B453F1044	F	1
shC6367061F751CB25	U	1
shFD91EB4DB24AD04A	M	1
sh67BA2A71809A8BCF	M	1
sh1B8615E53B15FAE1	F	1
sh4C04FC6268F0866B	F	1
sh6A25D6F4F4525D21	F	1
shC8875B3CDB0F9C4F	M	0
sh5A6687951A5E38FC	F	1
sh7CFE72D44C9AD213	F	0
sh5348B43152C15793	F	1
shB638FB9A6A687356	M	1
sh45E36499D7610943	M	1
sh746A163D2A7E27E0	F	1
shCAD21D480792318D	F	1
shB23D867B59B28804	F	1
shC1B05E2655ADCDED	U	1
shC978736498CC29BF	M	1
shC435644CCBCC4787	M	1
sh9E5778E3EB91C9E1	F	1
sh7219E048B1EB7AA6	F	0
sh452E2CC1CCF8B6B9	F	1
shCE81351289E32A3A	F	1
shBD2B2F9B1A0F3603	M	1
shD2DB8FA375F67806	M	1
sh671ACB56D170FAC3	F	1
sh28E877FB7457AA61	F	1
sh582CC60E896D9653	F	1
sh3BF39B9DA124D68F	M	1
sh66D88E50148CF99B	M	1
sh773320B7A64BB453	M	1
sh4E648960B067E8C0	F	1
shDA2243C476CA5833	F	1
sh61D90692C374C90D	F	1
sh5147D0522B737E86	U	1
shD08FE04D09D8108E	M	1
shEFD79237EB4B1A5D	M	1
sh00A73AE69F47BD76	F	1
sh3B444B331FC32509	F	1
sh92DF935F451201C6	F	1
shF6CA2EA37B4B8E5A	F	0
sh9681C188A285F807	M	1
sh476050304B552B5A	F	1
shC2E1FFA0ECEBA969	F	1
sh35172E3E25D3C937	F	1
sh3C71716F2B6F2984	M	0
shD90BEF9249DC9398	M	1
shA08F92BEA0A01119	M	1
sh7920A198472F5C14	F	1
shBEF69C04869D6A00	F	1
sh72E3A5D0E4EB9C63	F	1
shACAA0E133CDDBA9E	F	0
sh9A530B8E4BFE34BA	M	1
sh53F08034209CFFD1	M	1
sh2CD194E2F69F4B98	F	1
sh6AABB5D2B4417ED3	F	1
sh77F99AAE64CB812A	F	1
sh854928BBDFC46287	U	1
shC8B644858E9EF376	M	1
shD9B9624C724E58D4	M	1
sh14791B922D6217AD	F	1
shD764C9C65CE95E33	F	1
sh4D44ECF36DC95FEE	F	1
shE0F9A37FF77CEC7D	U	1
shEC61817247B102D0	M	1
sh788D25BBA8AC206A	M	1
sh61578508317AD45E	F	1
sh10544725B5EA01F6	F	1
shF04EC3E9CD6B8F97	M	1
sh78BDBA276A2D9357	F	1
sh923B18A809C9E41B	F	1
shD65AB6D65262AAE1	F	1
sh87588E6E79C6265D	M	1
shCA06267BA71C6E6D	M	1
shE2302A010CC7C90D	M	1
sh2979EBC111ED644C	F	1
shD17A90C2ABED4DC9	F	1
shC495C07DB6C8BF57	F	1
sh4DBEAE4D5E67881F	F	1
sh271BBBC320375B69	M	1
sh1116B968CB311209	M	0
sh219E524C238A2FC3	F	1
shE265CDAA6727600A	F	0
shC3B0E3CD35C5F697	F	1
shB5A5A9777E1A0D17	U	1
sh599A064E2A7FC24F	M	1
shD96C503CCEAA67B7	M	1
shB6ABF8540F6ACF75	F	1
sh66EBA1FB1E6983AD	F	0
sh8489A4BF77E1A37A	F	1
shD43793EAF71494DF	U	1
shB02DFC4DBA00B399	M	1
sh4D40BECBD501A523	M	1
shA9163168CCABDA3D	F	1
sh07BE71E8BEB4EC75	F	1
sh2E10DA9A4BBE7BF7	F	1
sh5199684FD42D849E	F	1
sh72C9452305C2B47D	M	1
sh54700063563F4B27	F	0
shA2325340C7C318FE	F	1
sh85B8209285EAEBCD	M	1
sh8C4AEF49D567FF78	M	1
shDDFEEA629E373956	M	1
shEE13FBF536C76FFA	F	1
shD71A25DD0819D64B	F	1
sh1C53AB12DAA214FB	F	1
shAB8353A5B2B76104	F	1
sh0B85B0606CC29AB7	M	1
shEC0647145B1C1FA8	M	0
shF77C2F6E8F519D66	F	1
sh95C942FE2D796AE6	F	1
shC0852C717A8EDF69	F	1
sh4756BA64C6001654	U	1
sh78E72E12222BD7FC	M	1
sh333762ECE24F3BE0	M	1
sh9E210B98C1A31EE3	F	1
sh689F68227C7E1D0C	F	0
sh92A0ABA50518652F	F	1
sh20504F9AF066FA52	M	1
shA8C13D554152B91F	M	1
sh9E9DF997245BF85A	M	1
shF0EB600CDA8623D4	F	1
sh4DFE1CD3FC7163E9	F	1
shE347333B1BF3EE56	F	1
shB16EE03A064E39B9	F	1
shC04F49986780CCE0	M	1
shA85C7DD936A43D3B	M	0
shBA2743C0478C19B6	F	1
shB1B8B814A64EDBA8	F	1
shCE52419EA0100A3B	F	1
sh3088BD700BBEFA64	U	1
sh9CAEA8AF1AAE39D5	F	1
sh13E4B8ABCFE5A162	F	1
shAFB149D6E3968065	M	1
shF390C6DE57225E1C	M	1
shBAE7D0D07F1DB30A	M	1
shFCFCA13705191AE4	F	1
shB5C2BD3E254B8064	F	1
sh8C18DADE975AF3C8	F	1
sh07EC074A02E2F17D	F	1
sh41BECCC2B32B0A7A	M	1
sh9491AAF8F7DE08A4	M	1
sh8CAD3972F8F4270F	F	1
shF6F302622BEF099A	F	1
shE3AFA2EFF4AC08F4	F	1
sh2D159381CAF8737D	U	1
sh471376DE22938A30	M	1
shA53365545645BC6C	M	1
sh631F91406B07ED83	F	1
sh3D315A0C1588A14C	F	1
sh44D1019D951D1252	F	1
shE4742925A3D82848	M	1
shE42D759702D5A73D	M	1
sh3E225CC835E86423	M	1
shFCAD93F276868F53	F	1
sh579E9AFA9507D634	F	1
shB637A8274CF4C985	F	1
shE6F342548C1B21F2	U	1
shC2CA7168431C7C49	M	1
shDA4DB6617242F4DC	M	1
sh3EDF3AC767D22CCA	F	1
sh064036A27EB9CEA5	F	1
sh9D58D550138CAE21	F	1
sh86B16B9A6BCB9F24	F	0
sh883587E89EA158EA	M	1
sh12941D0C7FF5C137	F	1
sh4F37C061F1854F96	F	1
sh5E24A6C27E9E32B2	F	1
shDCC5E331D4EB0C37	M	0
shFF5859FD60DC2E66	M	1
sh57C8B94442ACFECA	M	1
sh8A3FBE37723793AC	F	1
shA415183A3A7A794A	F	1
sh1E13F88E68AACBAF	F	1
sh095AF396A27C8DAF	U	1
sh71EF391240ADE880	M	1
sh3C2DDFDB4377BA79	M	1
shA6753CD199579CC1	F	1
shA51AEA4EC14F999A	F	1
sh8F2C607C2CC5AD21	F	1
sh029B52AC0F5A34D7	M	1
sh09136A141F93050A	M	1
sh35D0F4BEFA61C157	M	1
shF2C6931262732B5B	F	1
sh8A3DC6985A6AA836	F	1
shFE9A28A6208798FC	F	1
sh0349256E899C6A2A	U	1
sh2945B80EC27FF123	M	1
sh1EF81BD37768590C	M	0
sh08EAC904E5396FC9	F	1
shAF4DCD30FDB5A168	F	1
shD8EDCDE3CF8212DD	F	1
shC8715DBDE5DBF100	F	1
sh1701A75B6D8C6784	M	1
shFE8959CB13DD8ED2	F	1
sh77E2CBCB886324F7	F	1
sh0DEE895682FC3326	M	1
shBDE69CD9DB8F007B	M	1
sh8EE0093FE97BE649	M	1
sh57B869A15082CBB1	F	1
sh94B1876F4D7F28B6	F	0
sh4B656BF5DD0E80E4	F	1
sh062B0521882569CE	U	1
sh32443EF1378CA4D6	M	1
sh9C6E9F597FFE998A	M	0
sh6494C342E02E2740	F	1
shD57079F63D550D8F	F	1
sh7A3D14BAE9C849E2	F	1
sh5B1069FE5D22D101	M	1
sh33952EDA59BDD86D	M	1
sh424BABD4E2978BEE	M	1
sh2F5E265FDFEE76DD	F	1
sh6E4841631534AE9A	F	0
sh9E73BF38BA6138DB	F	1
shA5624CA2B581B29F	U	1
shC16C9A1005B39C79	M	1
sh161E705BF96603E7	M	1
shAC2E366BE40071D6	F	1
sh8273FFA21BD0B5D0	F	1
sh7ECA3059718493B8	F	1
sh4237B628C7B3911F	U	1
shE2F4459F3A29E894	M	1
sh8663F0BF3A224859	M	0
shB960440BE2B7F6C2	F	1
shFFA92D24D9160D9D	F	1
sh7E28E60A9BD7D71C	F	1
sh499D266BB0850BD8	F	1
sh68B7DEF46E2E9691	F	1
shAA4537EABC63FE1F	F	1
sh863CBD61B9335754	F	1
sh6B78236CA60D4179	M	1
sh064BFCA70596F3EB	M	1
shADB04EAF21E5FDAE	F	1
sh252DB30229B82554	F	1
sh1E68845BFBC0CF10	F	1
shD0D22954DB3568B3	M	1
sh236F58DCD60D3E2B	M	1
shFF036E23EB92C5E7	M	1
sh64AC4A5451067C51	F	1
sh58AD523CB7C9F13C	F	1
sh2FDBD7CA4F867D2B	F	1
sh12194A619C8640FC	F	1
sh06E5DC7D00E38DDD	M	1
shBFCDCC1D93476528	M	1
sh99F56586733EB5A8	F	1
shFAFF053A0BE4774D	F	1
shF10133CB82F39768	F	1
sh18F7EAD823AA22D4	U	1
sh6BEBC31178CFBBA0	M	1
sh4AA164CBF261C715	M	1
sh20D33AF0BDC2D6AE	F	1
shCD420E727BC67B54	F	1
sh414F95C52AF1EEBD	F	1
sh51889A745414BDA6	U	1
sh7395D20AE48174D9	M	1
shA967EF43B582B74A	M	1
shB2B1458201CDDF0A	F	1
shB739DD639E188B40	F	1
shCE317A3BEBEAD951	F	1
shB49D5A3B5E069417	M	1
shB992707F30ABD406	F	1
sh510929F36B0BFAE1	F	1
sh8ACEC9F2D5C19A2D	F	1
sh911B00334E1B1418	M	0
shA61664A198DE6B6E	M	1
sh5632CA5C93DDA1D2	M	1
sh74266E029E9D7524	F	1
shE830411B7217E8E1	F	1
shC1A68FC49E82170C	F	1
sh8CA536614DF1EE37	U	0
sh3B383B021AC8882A	M	1
shB8998F100724B47E	M	1
sh3230F3D925F7B370	F	1
sh70678FE4C42EC5F2	F	1
sh7CE89CF1DF5475C9	F	1
sh38EA7964C6AD8D63	M	1
sh43BA9A209BA64E13	M	1
shCD2C73499B367453	M	1
sh696578AA2A90F49C	F	1
sh583EA654654425AD	F	1
sh157DFB4CEA0B3529	F	1
sh30364BF8977DC427	F	1
shBF42C7F67BE6B814	M	1
shE4473FE7BF87CA18	M	1
sh3243790B2D245162	F	1
sh57A692309CDCDCA6	F	1
sh9E52A6B8BEEF9503	F	1
sh421F491FC11804F3	U	1
shABC4BE3521B18A1A	M	1
shA208059D4DD64659	F	1
sh76E69B9F1D9DE3EB	F	1
sh5710FEF12AE95259	F	1
shB4A93BDB986AD1F2	M	1
sh6C5DC9BCA4A1FF98	M	1
sh82A5E1343A286679	F	1
sh3329FC1FBBBF5185	F	1
shC5980C8EAE4F2689	F	1
sh27019B3EC372B54B	M	1
sh415C0DE422708777	M	1
shA90C6A128A94A080	M	1
sh107322A2C29344D6	F	1
shFFC95AA5188BF2E0	F	1
shF751CA6A346D63A7	F	1
sh2F0878DE98C91C39	F	1
sh76E09C68558AE38C	M	1
shE2A8AA65DF761B97	M	1
sh206FBAAEA45C287C	F	1
shED9EFE956F62A71F	F	1
shD55F6A1409DD829B	F	1
sh200E9FA7DC71FEBF	U	1
sh088070EF4099710E	M	1
sh3F25A068590F15D1	M	1
sh2689645C50E862DE	F	1
sh14C85522C1A8A900	F	0
sh51596B1DDBD9C4CA	F	1
sh84993EDA95C95F0A	F	1
sh199FBE9FE7879EEC	M	1
sh686879570F304121	M	1
sh90C9FBF35E080CF7	F	1
sh6645064D1BAF39E3	F	0
sh2BB52B470EEBA1E5	F	1
shDAE6B6DD53999E84	M	1
shC43EAF36A45DF780	F	0
sh8C542F5CC3291456	F	0
sh5E272DBA4E8855DB	U	1
shBCA0056FBEA8957B	M	1
sh11A822BC459A5C42	M	1
sh68A3FA55173A4A60	F	1
sh2A2C401A2BF7DB24	F	1
sh814D2845D18508D9	M	1
shF2ED77C3F992EA75	F	1
sh799B125B0AC76E37	F	1
sh364CC96E4C167A13	F	1
shAFB92CDC2DDA8DA0	F	1
shC342D739848235DA	M	1
sh3C9CF7517E8C6E55	M	1
shE1AC4E879949CB6B	F	1
sh1D330B8E5432992D	F	1
shC42BABB71C3A258F	F	1
sh2E67AA6F4E45A975	M	0
shEE63CE4BF2D56B91	M	1
sh74CE061274DB3CD3	M	1
shF9F6ED74B730FB31	F	1
sh9C4CBAA03AA2E179	F	1
sh3376621DC7606325	F	1
shEF6E08B59B8E2FF9	F	1
shC114E037E40C8E92	M	1
shD5E5CE7D7E037798	M	1
shAE841699288EA058	F	1
shED75A88F368F0B92	F	1
sh64F3E4C26A20F6B7	F	1
sh56B2C03391C07A8D	U	1
sh7AFC6F1F236FBE01	M	1
sh63CE999781A59986	M	1
shB17938B148F3BA81	F	1
shB02967D921494D13	F	1
sh9E69956CCF991D0D	F	1
shA45F86A4BBE2D6A8	M	1
sh9AFD4B8D6F44C668	M	1
shB589C6146E6384A9	F	1
sh6494C3E7E98BA18F	F	1
sh3E5A1B1F898D2B9B	U	1
sh2D7F2A59024332BB	M	1
sh3A18D3AA25AE699D	M	1
sh24795814776BF003	F	1
sh030A0046095BDECF	F	1
shD38BF35C7D3ECC92	F	1
sh809B2533DBA38870	M	1
sh114B1CF23507337D	M	1
sh8C0A15D5634690B2	M	1
sh2FC9F4190129934D	F	1
shBFC50A490C2885C5	F	1
sh64830F1C71361D6E	F	1
sh44E1ED4BCF30A92C	U	1
sh70BD1D7BE1297329	M	1
sh127398F8862E6208	M	1
shCA0EB136D053D238	F	1
sh6B487CC36132B388	F	1
shA859972B110C134B	F	1
shBAC947BFE2615654	M	1
sh2E9AAB9515AAC4D8	M	1
sh425F0F50E1B36025	M	1
sh22C990CA19727F35	F	1
sh59CEA9ABAB42A4BF	F	1
sh30E5EA12D30AC7CB	F	1
sh739090A89D3A8FBC	U	1
sh384726C6B240F1CC	M	1
shED68FC7DC6919D5C	M	1
sh0BF36E731DB2B77A	F	1
shA0C3A24715ED18BB	F	1
sh9CA3A13CFD609AFA	F	1
sh3568A49F43D9F70E	M	1
shA5EA137FBACB4B89	F	1
shE1B743D42DC3F561	F	1
sh01E5AB5B6BEB7DD5	F	1
sh790D6269D6963852	M	1
shD61A5A9C3B890E95	M	1
sh51AF53CC5967DE29	F	1
sh297AD192C5528507	F	1
sh3A747021E8FF0847	F	1
shF6B4526B45CBE397	U	1
sh0A3926D10B216D61	M	1
sh0D3A9A18B43BF347	M	1
sh0EB495DF283FAD95	F	1
sh8F4E1B642DF92B07	F	1
sh57517FF472045CA6	F	1
shE6492CB862134B80	F	1
sh0A31D6FC3FAF8B6B	M	1
sh9C10FB5E3DFB02B7	M	1
shB90E6F978825A967	F	1
sh347062CEA3AA2013	F	1
shA120C89D83317D45	F	1
sh74043B8A1AAAD48F	U	1
sh2216E8BE9668B3D2	M	1
sh2E347F068B7E0603	M	1
shA4214E8BB0C687D3	F	1
shE411181955202174	F	1
shDAD5E1922101F772	F	1
shD7F20760D4524944	M	1
sh66D3BE3D8A417264	M	1
sh819F60A4711EBE53	M	1
sh39B41400F41F80E9	F	1
sh0955B853782920C8	F	1
shE51EF5A93ED15C75	F	1
sh558C45EEDE4784DE	U	0
shCE1F953985EDF1D1	M	1
sh5CC55FBF82B3FD3D	F	1
sh1220707A38592824	F	1
sh829746B06CA0CB6A	F	1
shBD8A8190D1FE90BD	M	1
sh347312BF83ADC621	M	1
sh74D5A4C06983DAFD	M	1
sh8C30C7C86A9150CE	F	1
sh4F9B9AD4ABB2A424	F	1
shB2256EAE5A39BACC	F	1
shEA3DB53C1514E4C9	F	1
sh56C366D0A805F09F	M	1
sh80235E8C28E87430	M	1
shDCF7AFB14AA90447	F	1
shD49AFD12FDED9BDB	F	1
shF28B6F36372EACFE	F	1
sh46EEAAD42394C467	U	1
shAD2884873ABDD2DE	M	1
shDF39094DEE440735	M	0
sh7D5BAFBCFD47555C	F	1
sh26EF004044A74CE8	F	1
sh0F3EEFF227B2BF52	F	1
sh2FB3B060757294F9	M	1
sh48D6013D2E1998D0	M	1
shB899795698DF62CB	M	1
sh6C859A27F8967905	F	1
shA5A99DEE6F3C63C6	F	1
sh9DF7D55E9B50C928	F	1
shF03639129710D07C	U	1
sh6A6ED94CC18BF40D	M	1
sh77C39A0B41FC6685	F	1
shEE40804B0852B74C	F	1
sh6FC8678F1D205F7C	M	1
sh538E852A5E8AB170	M	1
shEAACF917D7B841DA	M	1
sh46993BDB4CF10605	F	1
shD6CCD9C9D4B3E1D9	F	1
sh0EA86DA188DA1596	F	1
shC84615FB9559EE58	F	1
shB036D01132C07F7D	M	1
sh712E310C3A18F6A8	M	1
sh92A73F88829452C4	F	1
shDDE2AF1A036525A5	F	1
sh6CDA984379B3C7BF	F	1
sh322E3192D9F5DF9A	U	1
sh26FF381A85199622	M	1
sh3440172CC5C1F2D2	M	1
sh50A56810BFAFFFFD	F	1
sh4957C75565E5A444	F	1
sh5C135CD0A6D9F7FA	F	1
sh471AF9F6D404BEBE	M	1
shCA45E70104598DB0	M	1
sh1D6CDF6F6B919E19	M	1
sh996DCD19EA229385	F	1
sh647C939825D9450E	F	1
sh2DFF9D4D62BDB686	F	1
sh0BB6FB7D295E13E4	U	1
sh1AAC782AB2DE79CF	M	1
shEC2FFF5BE7F79195	M	1
sh90164EF532BB6950	F	1
sh236F856B1ABBCB50	F	1
shCCB7C0713CED1736	F	1
sh06481040518CFA7B	U	1
sh6244F467FA61F49F	F	1
sh3DDAB20E17566761	F	0
sh2DC36958F7C5E270	M	1
sh94D8219711110EE9	M	1
sh7E418B6940890C38	M	1
shC0FD1A8F0FC712BE	F	1
sh782CCAA4A4BA0343	F	1
shCA97D06FDD6ADA82	F	1
sh966625A6D6D53B1A	U	1
sh56C7846755D214A0	M	1
shB6A49204831F6071	M	1
sh73F47C8EC6AE10E5	F	1
shC7F51796F8B71EF8	F	1
shD1AF3433815B3938	F	1
shECA78546552326AF	U	1
sh3270B043E5FA7239	M	1
sh96B489F9425994BB	M	1
shD63C61268CFED666	F	1
shD3890DD6C2B74DBE	F	1
shF1C4FDDC02CB0995	F	1
sh3303CB06D8736D34	F	1
sh0A41AF5CAD85186C	M	1
shFF7250F3D6F11F99	M	1
sh74C4A49A492408CC	F	1
sh77D06F096FB79CD8	F	1
sh7D3667FF95411A73	F	1
shB6E1155648D04505	M	1
shF766521E9CC1AA4B	M	1
shDC362F3DD6477C61	M	1
shD8F287553BFE3244	F	1
sh87D1BDCD405628A3	F	1
shCAFA1B7042EB54F1	F	1
sh15AAAD5C15316511	U	0
sh80569E26E2DF74E8	M	0
shB829ACF9BCF9AB3E	F	1
sh2331B0917035565E	F	1
shC188F83FF48AF3C0	F	1
shBEFC2006DA7D3F86	U	1
shA144CBD4D51AF9D4	M	1
shE69255E0BCCC8BAF	M	1
sh91B454BEB338AAFE	F	1
shD9648F6209695ABF	F	0
sh14BAB923AB10B322	F	1
shBC6670485EFD4200	M	1
shFC045087FEA7B727	M	1
shF9AC9E0BF74CFA1D	M	1
shCCC0F325356ECC2E	F	1
sh7C4336DDBFC2C215	F	1
sh92FE073133567526	F	1
sh926D4BEAA214D960	U	1
shF05724013D4B2DA7	M	1
sh17DE7FA3B7F14109	M	1
shDAD9A2E321EE60EB	F	1
sh6CA833942F16C056	F	1
sh884C5CC13B9964BA	F	1
shAF097BF939D63B1E	M	1
shA7B42B87FD30759D	M	1
shE71869553FE9A720	M	1
shB97949AEEC696447	F	1
sh264E47CA978A92C7	F	1
sh28C1BCED2D8ACC96	M	1
sh82669B4EF60B7B37	F	1
shD336EA648D378CFA	F	1
sh45836DA19FB3C2AD	F	1
sh8FE6F69686A1A050	F	1
sh240D25DBA5C84228	F	1
sh2B1120274439F697	M	1
sh185985883A76C905	M	1
shF11DF3D02F9A9C67	F	1
sh0F78765C183A50A5	F	0
sh71CDAC504E704829	F	1
sh083112D4879665AD	U	1
shB2D622A06942F28E	M	1
shD897EAD2F4ACC2FB	M	1
shBA948C71862C2F44	F	1
shE0181A2C31135284	F	1
sh676D0AC22F335A81	M	1
sh73B615C3203DA4B0	F	1
sh57CF0283D22A11E3	F	0
sh7B3E5EEE4E999897	M	1
shBBF5D33BF59FCC58	F	1
shCB32382DD11EF305	F	1
shBB49FBECF6F69BDD	F	1
shF5CBED1EE47CA343	F	1
sh0A9054E582AF4280	M	1
shD206F3F8C9D69774	M	1
sh71CBFF536545E313	F	1
sh6F659C7C23D8DE9C	F	1
sh05DBA04A48313130	F	1
sh5F306B3091D252A4	M	1
sh87CD70AF80948476	M	1
shA5A4F13ADE7C6AC4	M	1
shC20B903B3D22ADE9	F	1
sh24CE1E468E6AF442	F	0
shE566EDA8FA1594D0	F	1
shE0788571A27ECE5A	F	1
sh1C4D97A65B9E53E6	F	1
sh2FCE6EF16E792288	F	1
sh3228C44E568CC1F6	U	1
shF8A1E014EE4E7D53	M	1
sh879002620DA780CA	M	1
shBB2ABBF62A7A842E	F	1
sh366D9742A3F60D27	F	1
shB7B42F82608BFD13	F	1
sh9F7B4CB57CA4FDF2	M	1
shD06B0996DB42D608	M	1
shEBAD1528F3C595FE	M	1
sh3AA6882528F9181D	F	1
sh707B1435CF27DA7A	F	1
sh61187BE467CE270C	F	1
sh13A4C2BDFE62CFBF	F	1
shC751A590AD645787	M	1
sh9AAEB7C4D99DBFA6	M	1
sh5AD1335A57D537E8	F	1
shB39F203326E6D407	F	1
sh2EB1474532E1033E	F	1
sh75F6889F0D4B3120	M	1
sh14108FC8D7751A01	F	0
shC0863318FF365FE8	F	1
sh33A44098753E74AF	F	1
shB333BA9E7CE12931	F	1
shED334CA92BD5D7C6	F	1
sh6007F18CA1036BA5	U	1
shFB2F51FA51F9BE82	M	1
sh2499ED1EEA912833	M	1
sh617452ED23954307	F	1
shDF4DDF353BCDC56F	F	1
sh98F0DBC596184201	F	1
shF0E30B0390A82D37	M	1
sh52C4B09597FD0264	M	1
sh9800EA79C9AF7DBD	M	1
shBB96FCF5A8F41D93	F	1
shAB8035091DDC8849	F	1
sh3F823D737CD62A49	F	1
shED860A1DF8BB5B7F	U	1
shDE853D88D1C818B4	M	1
sh855D709A12AA1496	M	1
shDCB68F525ADFA08E	M	1
sh42E6DDB3CFED98C6	F	0
sh01522B4E61E7F399	F	0
shAFF47F8D65EDE2F3	M	1
sh5527912647DE43D5	M	1
sh7C57497F5F1A2670	M	1
sh53DE2620BFA98E06	F	1
sh9102F1E3AFBEC2FA	F	1
sh1515F1EA6ECE3704	F	1
shE403898291F04968	F	1
sh26506D714922765A	M	1
sh519BDD2A816C6B68	M	1
sh1BD43F04A097F998	F	1
shF03224048177F94C	F	1
sh184614DE9857EF14	F	1
sh3AA918D16B5A4703	M	1
shE792B3FCC93285A5	F	0
shBC28FAD03872FCD5	F	1
sh604B1FB2CBAEB3AC	U	1
sh4D44A025E0016DE0	M	1
shAEF30730A71286F1	U	1
sh1BD54FF0FBE5C4CF	M	0
sh7816319C3C9EF7CC	F	1
shEDBA2803920E1435	F	0
sh5B01B75FC4379C3F	M	1
shDF0B6C18CE5AE0AE	F	1
shB7DF66490BD42D3F	M	1
shF2F826E410D822F3	F	0
sh7EAA842AF735C817	F	1
sh880BB3AAACC720C9	F	1
sh9A75F06B395EF1C7	F	0
sh5DBAB2013E8C164C	F	1
sh251675BC0F0F6C58	F	1
shB9A21ED42D366562	M	1
sh887381EA95F5FDDB	F	1
sh77D070A7AF36309D	F	1
sh91BE21CEB81D52A8	M	1
sh4DE3BB3C77A3C9E4	F	1
sh5295A9A9FD1950B1	F	1
sh6058032BF2A8E26E	M	1
shFC060744905B6CF9	F	1
sh712D394B24E2EF4A	F	1
shEFF75BCB51344FC5	M	1
sh8FBD623BB8E9DD3E	F	1
sh6245FB3660D5465A	F	1
sh41AA911BD6BC1676	M	1
sh24FB55B3C96681D4	F	1
sh45EDA18EE7CB3BB0	F	1
sh6FEFE39845B39ECC	M	0
sh0D981F0E9E56955F	F	1
sh1121F6BB6C32605A	F	0
sh97823229646449A3	F	1
sh1B11D7C4BECA0F1F	M	0
shD43D0015F59C943D	F	1
sh3451236F127BD139	F	1
sh578C5FCE4C9D0070	F	1
shAE0B6D0FFB9943A2	F	1
sh485DCEE7FCDE50B2	F	1
sh81D532128DD6730A	U	1
shF4174AC2124316E9	M	1
sh3F9F001ADDACE428	M	1
sh4D4820AB60925A3A	F	1
sh8231942034B50E5C	F	1
sh9C16924608CD28B7	F	1
sh463D1F4656A07638	U	1
sh01C35FB50B5572AE	M	1
sh1FAC453A8DFCA5F3	M	1
sh2D26D2B5302B0426	F	1
shA7BFDAA69E467652	F	1
shDC9EB3C42EB707AE	F	1
shB76BA4FFC0B2EFB6	M	1
shEA3719C3530285B8	M	1
shD75868F51671D6FD	M	1
shEAC49E1C95136002	M	0
sh2840BEA90A62681E	F	1
sh5F3BE01227B02BE5	F	1
shE3DD03A07D434018	F	1
sh3FF7492E7828D4C9	M	1
shF9C10BDD4FAF7372	M	1
sh663CCDB03F587114	F	1
shF392137B27FAB5FA	F	1
sh8AA00BE426F0B49E	F	1
sh11A6064F8FC92427	U	1
sh8F756DA902D551BE	M	1
sh90F0DCE864EDB2A6	M	1
sh1954B7D007485EE5	F	1
sh72095C2B13F9DF50	F	1
shB34E4630230EF67E	F	1
sh94C1497FA6181357	M	1
sh1B28B10C32196AFD	F	0
sh8B0512B67B3BF69A	F	1
sh55FADA9093E40903	U	1
shE9D2168DCBAEE420	M	1
shB3CC5417B5363097	U	0
shB6DD7628368D0962	M	1
sh719DD1560EE64089	F	1
shBCC3FC7BD5156DE7	F	0
sh9F9DC69458668AE2	F	1
sh306FF334E724E204	U	1
shC1A58A8D7CDD8C39	M	1
shD977266BCEBDE202	F	1
sh6F592F5493C516F4	F	1
shCFC747A1326030C6	F	1
shC3811C69A7DD0EB5	F	1
sh45FE19A255791B9D	F	1
shEBF05D5BF038E8C4	F	1
sh44B704D627694F09	M	1
sh8A6F210CBCC1F2B8	F	1
shD0EEDBE65EF9B186	F	1
sh0575A1AD6EE45E63	M	1
sh0694A123B7575FAF	F	1
shD5BD02EA807A3A41	F	1
shD833AB779C071E36	M	1
shACACA3EAA2F27F25	F	1
shAF1E9C9AA1395BBE	F	1
sh40859E51D8991CC5	M	1
sh1076BF7BC6851255	F	1
sh1141946020FD7139	F	1
sh08A3CD7CA392A11B	M	1
sh6DCBD14E5CDE365D	F	1
shCB0C82451FE41A40	F	1
shF78A2461B051DA32	F	1
sh4C31F1629E3D9BEC	M	1
shC1D80AFD2FE3BE8F	F	1
shFE8E55C6D7888F83	F	1
sh7E28B6E25C621362	F	1
sh65FB4756422987AC	F	1
sh2FF88E97ADBC884A	F	1
sh28CA39D4CA1733F5	M	1
sh65650359F8FA5978	M	1
sh97C14B2B4221BC5D	M	1
shFD85F083B32A507F	F	1
sh5472B3059D03C43A	F	1
sh44DF6196DC2532ED	F	1
shF0192A5ADC4F15BF	U	1
sh45401072EB225583	M	1
shA369C07BEEE48F62	M	1
shE487BDAC48E98B0E	F	1
sh15C544E9C935FB5C	F	1
shE1BCCD26BECDFEA8	F	1
sh9B3A6906F29238B3	U	1
sh0A628935B7901DA2	M	1
shBB4252D6C6A56152	M	1
sh245F691A90413C1C	M	1
shC1E2E9DC7BE90F17	F	1
shFF9D7A12FFB14476	F	1
sh995BC87F97FA080D	F	1
sh14DD7CA551A6A4B1	M	1
sh94E1703D4E576AB8	M	1
shA8E666EE6A7D427F	F	1
sh52422AC6ED7E5C3A	F	1
sh354EE3D531511577	F	1
sh4DCDB10566C57554	M	1
shF7A67D8096EA2805	M	1
sh71535C34C68D7239	M	1
shA6FCAB9B3EC25E69	F	1
sh55129AFD8C527B13	F	1
shC4FDCFED400FA64F	F	1
sh8DDDDAD86C18D20B	M	1
sh3790BCDB5C83501C	F	1
sh839D79055B2AADA6	F	1
shFAD812A5D3B24937	U	1
shD0EA4631BB5D34F5	F	1
shF803FE86948E30F0	M	1
sh0AF83C22A158482A	M	1
sh70944395642155F7	F	1
sh981F77E49A8D06CB	F	1
sh1FC62ABAA1C8EB5E	U	1
shEE5E869636C3256E	F	1
sh5FFF4EB05B8F565D	M	1
shD81498732A6A0D66	F	1
sh5D6155DCBE2ABFA6	F	1
shB224234F923D63D3	F	1
sh8586EC7F43073446	F	0
shC7D6B28FAF5E0DE4	F	1
sh5D27B55E8016F4C0	F	1
shB59F49369E0AB9FD	M	1
shF41C1DAE5363E762	F	1
shB5C21D9A7CAB6407	F	1
shABA65B4A1547ECDB	M	1
shA4B8A81772F05C5E	F	1
sh845FB0DDA7273E0D	F	1
shDBC80253B4E5578D	M	1
sh5964ECAD7B516D87	F	1
shD7A2D8C0798F8F84	F	1
sh47DFFBD515539B5B	M	1
sh405DA6EBD9124452	F	1
sh845D909204F9E209	F	1
shE7DE056010D42190	M	1
shFAF487AF4A1C66C2	F	1
sh96BA9EC8E83F7FA1	F	1
sh580A07BB7151DF4C	M	1
sh0B7070C4EA368DE3	F	1
shDF2321A82913D544	F	1
sh60D6F9C651BFE397	F	1
shBDDEFC58F0299E91	F	0
sh0D1E86CE924BB3B6	F	1
sh1D2E1332A651570F	M	1
sh2F8F5583628EECFA	M	1
sh9FC89DFAF25DAB09	M	1
sh9362F48ED5F85992	F	1
shF2A432B09D730E65	F	1
shF878FB5482005FC0	F	1
sh52D976CE12EC46DE	U	1
sh30CBAD30140C8D08	M	1
sh884F0A1D8466D385	M	1
shCF169323CC400D42	F	1
sh23FE36D78D44BD6C	F	1
sh871EEFE0B5814C3D	F	1
sh6FD0D89B83356420	F	1
shCDF6D1872B95B603	M	1
sh71D13F157F6791B5	M	1
sh68BF6A38FCAB4E81	M	0
sh41AE36712E2FE038	M	1
shF2F6D9F8DFA59506	F	1
shDC2239CA10E8947A	M	1
shFEF97DC3D80320C5	M	1
shDE06B2BC61D6764B	M	1
shBF9C997C1816DF89	F	1
shD61E7C01F5B86E24	F	1
shC2E25AE7CDB969F4	F	1
sh437DBC959BB222DB	M	1
sh1260E16A04A2774F	M	1
sh35154610168FC96E	M	1
sh4D448F40D926FFCB	F	1
shF099AA757FCAF070	F	1
sh8F7D7DD18C71CB03	F	1
shC6B09890F383D938	M	1
sh961014DB55F8F82F	F	1
shBE6991B7585D5D1E	F	1
shB04F059F4358BD59	U	1
sh56BD759035D1E70F	M	1
sh5571FDB30DA666B9	F	1
sh6FFD51042B021F4E	M	1
shA81ABB2C69C00595	F	1
shF8DA133B422D967B	F	1
shB0ACB831F823C3C9	U	1
sh6DD7C4526A88B680	M	1
sh037BCA649C8C3074	M	1
shE00806D438EA2F11	F	1
shE75C1FAC5BF85339	F	1
sh589E62A7867D462B	F	1
shE15BD3451D8E16E7	M	1
sh1B2B343B00DBF61C	F	1
sh4578D92B5EB836F9	F	1
sh14A1BDA0344C3B4A	M	1
shA3B99E786069DFC0	F	1
sh51B7DD16675D2396	F	1
shED628973D5BAD980	M	1
sh5951E862CA42E796	F	1
sh198B694F386E14F0	M	1
sh541CC5F1AEDA4812	M	1
shAE9E1233C5DC1382	F	1
sh009CCC1A1D083D7C	F	1
sh4EE0361B81A3660C	M	1
sh5EF5ECED49C9B97B	F	1
shD4C77F08C203BFE7	F	1
sh357A9483655455F3	M	1
sh101A7F9948A679CC	F	1
shC7F727DB1BA1C266	F	1
sh47BAA22955294C05	M	1
shA91C80375EADFC33	F	0
sh91822A7B7FBBE0E3	F	1
sh4ABE31FF8353A19B	M	1
shF5D4805DED9D76D4	U	0
shD09ADDC08322BD00	M	1
sh644386498368FA2E	F	1
sh25C2710A1884CA2A	F	1
shA8974F9C57F0330E	M	1
sh9282F4D41447AC65	F	1
sh5560CDF9626A49C8	F	1
shB5165D45CAC7EB4A	M	1
shB8CD270B5AC95EA0	F	1
sh40AD30C9E36496C3	F	1
sh21ACA7B8CE565422	U	1
sh481BCBEB51A7A5F4	F	1
shC399434A9537E37F	M	1
sh08230D6469C4ABE9	F	1
shA44B33DFE9D161F9	M	0
shE6D382AD6214B5EC	F	1
shC5AD2CFF06E3577D	F	0
sh7017F5505F099886	F	1
shA5E1DFF97295C7EE	M	1
shC689AED31689EF7E	F	1
shEAD18BBE2A9033C7	F	1
sh8D3234FC5BC6C4D4	M	1
sh0EF7DDD6CBB34CA1	M	1
sh913B5F2A661485D9	F	0
sh0F7246170D05414C	F	1
shDF5521D171EF9837	U	1
shCAAE4E9EA4D26FE6	F	1
sh5618A50EB7F6EC04	F	1
sh9F56011E1BF81384	M	1
shA6921A9875086ACF	F	1
sh6E4AFF2AF079CD42	M	0
shBB801AE3A4AC47E2	F	1
sh7BA5BE12AC556D76	F	1
sh290A27C5BB45F345	M	1
sh6E0D09538B19E4E7	F	1
sh29964283853131BA	F	1
sh72A80DC0CE5F27C4	M	1
shC8A44EB779F0FF36	F	1
shD32CD5238F1EE1B2	F	1
sh2D6BFC463A2EF6A7	F	1
shAC78C94DBB2254D9	M	1
sh75A302AD92339734	F	1
shB4DEA565C10CB0E1	M	1
sh317B4F7F60129F5D	F	1
